2017-06-19 10:35:00,0.14822259
2017-06-19 10:40:00,0.14855
2017-06-19 10:45:00,0.14870003
2017-06-19 10:50:00,0.14900002
2017-06-19 10:55:00,0.14870001
2017-06-19 11:00:00,0.14850281
2017-06-19 11:05:00,0.14781101
2017-06-19 11:10:00,0.14751986
2017-06-19 11:15:00,0.14750048
2017-06-19 11:20:00,0.14889062
2017-06-19 11:25:00,0.14844528
2017-06-19 11:30:00,0.1475
2017-06-19 11:35:00,0.1476
2017-06-19 11:40:00,0.14760005
2017-06-19 11:45:00,0.1484661
2017-06-19 11:50:00,0.14738
2017-06-19 11:55:00,0.14734501
2017-06-19 12:00:00,0.14729901
2017-06-19 12:05:00,0.1473
2017-06-19 12:10:00,0.147201
2017-06-19 12:15:00,0.14718588
2017-06-19 12:20:00,0.147125
2017-06-19 12:25:00,0.1474
2017-06-19 12:30:00,0.1475
2017-06-19 12:35:00,0.1475
2017-06-19 12:40:00,0.14769999
2017-06-19 12:45:00,0.14700501
2017-06-19 12:50:00,0.147001
2017-06-19 12:55:00,0.14706999
2017-06-19 13:00:00,0.14733
2017-06-19 13:05:00,0.14779999
2017-06-19 13:10:00,0.14760002
2017-06-19 13:15:00,0.14755003
2017-06-19 13:20:00,0.14779715
2017-06-19 13:25:00,0.14779715
2017-06-19 13:30:00,0.14795238
2017-06-19 13:35:00,0.1476516
2017-06-19 13:40:00,0.1478
2017-06-19 13:45:00,0.14740784
2017-06-19 13:50:00,0.14740788
2017-06-19 13:55:00,0.14740786
2017-06-19 14:00:00,0.147408
2017-06-19 14:05:00,0.147408
2017-06-19 14:10:00,0.14707
2017-06-19 14:15:00,0.1476028
2017-06-19 14:20:00,0.1485028
2017-06-19 14:25:00,0.14805697
2017-06-19 14:30:00,0.14731834
2017-06-19 14:35:00,0.14731835
2017-06-19 14:40:00,0.14790001
2017-06-19 14:45:00,0.1482
2017-06-19 14:50:00,0.14819989
2017-06-19 14:55:00,0.14687772
2017-06-19 15:00:00,0.1468777
2017-06-19 15:05:00,0.1468777
2017-06-19 15:10:00,0.147
2017-06-19 15:15:00,0.14690001
2017-06-19 15:20:00,0.14673965
2017-06-19 15:25:00,0.14660907
2017-06-19 15:30:00,0.14660001
2017-06-19 15:35:00,0.14666
2017-06-19 15:40:00,0.14665008
2017-06-19 15:45:00,0.1470211
2017-06-19 15:50:00,0.14702112
2017-06-19 15:55:00,0.14675
2017-06-19 16:00:00,0.14675001
2017-06-19 16:05:00,0.14665007
2017-06-19 16:10:00,0.147
2017-06-19 16:15:00,0.1475
2017-06-19 16:20:00,0.14665006
2017-06-19 16:25:00,0.14670002
2017-06-19 16:30:00,0.14670008
2017-06-19 16:35:00,0.14739998
2017-06-19 16:40:00,0.14695913
2017-06-19 16:45:00,0.14665005
2017-06-19 16:50:00,0.14665005
2017-06-19 16:55:00,0.1465
2017-06-19 17:00:00,0.14649999
2017-06-19 17:05:00,0.14620001
2017-06-19 17:10:00,0.14615
2017-06-19 17:15:00,0.14699999
2017-06-19 17:20:00,0.1463001
2017-06-19 17:25:00,0.14646063
2017-06-19 17:30:00,0.1463
2017-06-19 17:35:00,0.146
2017-06-19 17:40:00,0.1456
2017-06-19 17:45:00,0.14512835
2017-06-19 17:50:00,0.14635163
2017-06-19 17:55:00,0.146
2017-06-19 18:00:00,0.1460001
2017-06-19 18:05:00,0.14655021
2017-06-19 18:10:00,0.147
2017-06-19 18:15:00,0.146001
2017-06-19 18:20:00,0.1469
2017-06-19 18:25:00,0.145585
2017-06-19 18:30:00,0.1473328
2017-06-19 18:35:00,0.14634868
2017-06-19 18:40:00,0.14600002
2017-06-19 18:45:00,0.14600002
2017-06-19 18:50:00,0.14590231
2017-06-19 18:55:00,0.14632998
2017-06-19 19:00:00,0.14670001
2017-06-19 19:05:00,0.14699998
2017-06-19 19:10:00,0.14731
2017-06-19 19:15:00,0.14749998
2017-06-19 19:20:00,0.14749999
2017-06-19 19:25:00,0.14797849
2017-06-19 19:30:00,0.14685043
2017-06-19 19:35:00,0.14766249
2017-06-19 19:40:00,0.14785045
2017-06-19 19:45:00,0.1478504
2017-06-19 19:50:00,0.1478504
2017-06-19 19:55:00,0.1476
2017-06-19 20:00:00,0.14820001
2017-06-19 20:05:00,0.14820002
2017-06-19 20:10:00,0.14710001
2017-06-19 20:15:00,0.14790585
2017-06-19 20:20:00,0.14790583
2017-06-19 20:25:00,0.1485
2017-06-19 20:30:00,0.14809999
2017-06-19 20:35:00,0.14674999
2017-06-19 20:40:00,0.14673994
2017-06-19 20:45:00,0.14782642
2017-06-19 20:50:00,0.14782607
2017-06-19 20:55:00,0.14753146
2017-06-19 21:00:00,0.14901999
2017-06-19 21:05:00,0.1495504
2017-06-19 21:10:00,0.15029001
2017-06-19 21:15:00,0.14955134
2017-06-19 21:20:00,0.14999997
2017-06-19 21:25:00,0.1499
2017-06-19 21:30:00,0.1498
2017-06-19 21:35:00,0.1490027
2017-06-19 21:40:00,0.14900271
2017-06-19 21:45:00,0.14820002
2017-06-19 21:50:00,0.14820006
2017-06-19 21:55:00,0.14837635
2017-06-19 22:00:00,0.1482
2017-06-19 22:05:00,0.14834996
2017-06-19 22:10:00,0.14829999
2017-06-19 22:15:00,0.14827999
2017-06-19 22:20:00,0.14828682
2017-06-19 22:25:00,0.14828667
2017-06-19 22:30:00,0.14828666
2017-06-19 22:35:00,0.14828681
2017-06-19 22:40:00,0.14827
2017-06-19 22:45:00,0.148
2017-06-19 22:50:00,0.14813888
2017-06-19 22:55:00,0.14813888
2017-06-19 23:00:00,0.14800001
2017-06-19 23:05:00,0.14803
2017-06-19 23:10:00,0.14806949
2017-06-19 23:15:00,0.14794507
2017-06-19 23:20:00,0.14828462
2017-06-19 23:25:00,0.14855435
2017-06-19 23:30:00,0.14915187
2017-06-19 23:35:00,0.14919995
2017-06-19 23:40:00,0.14939796
2017-06-19 23:45:00,0.14922387
2017-06-19 23:50:00,0.1484
2017-06-19 23:55:00,0.14850003
2017-06-20 00:00:00,0.14850051
2017-06-20 00:05:00,0.14830002
2017-06-20 00:10:00,0.14806666
2017-06-20 00:15:00,0.14806667
2017-06-20 00:20:00,0.1480686
2017-06-20 00:25:00,0.1480686
2017-06-20 00:30:00,0.14826
2017-06-20 00:35:00,0.14770003
2017-06-20 00:40:00,0.1477
2017-06-20 00:45:00,0.14785174
2017-06-20 00:50:00,0.14770003
2017-06-20 00:55:00,0.14778999
2017-06-20 01:00:00,0.14777777
2017-06-20 01:05:00,0.14828755
2017-06-20 01:10:00,0.14822999
2017-06-20 01:15:00,0.14829999
2017-06-20 01:20:00,0.1483
2017-06-20 01:25:00,0.148
2017-06-20 01:30:00,0.14784406
2017-06-20 01:35:00,0.14799999
2017-06-20 01:40:00,0.14770019
2017-06-20 01:45:00,0.1478007
2017-06-20 01:50:00,0.14782199
2017-06-20 01:55:00,0.148
2017-06-20 02:00:00,0.1486
2017-06-20 02:05:00,0.1494705
2017-06-20 02:10:00,0.14982408
2017-06-20 02:15:00,0.14991354
2017-06-20 02:20:00,0.149
2017-06-20 02:25:00,0.1487175
2017-06-20 02:30:00,0.14950001
2017-06-20 02:35:00,0.1499999
2017-06-20 02:40:00,0.1496
2017-06-20 02:45:00,0.1500138
2017-06-20 02:50:00,0.15000002
2017-06-20 02:55:00,0.150295
2017-06-20 03:00:00,0.15059999
2017-06-20 03:05:00,0.1508
2017-06-20 03:10:00,0.1503
2017-06-20 03:15:00,0.15
2017-06-20 03:20:00,0.15049999
2017-06-20 03:25:00,0.14999998
2017-06-20 03:30:00,0.14999999
2017-06-20 03:35:00,0.1497835
2017-06-20 03:40:00,0.15
2017-06-20 03:45:00,0.15008499
2017-06-20 03:50:00,0.14997555
2017-06-20 03:55:00,0.1500111
2017-06-20 04:00:00,0.14926104
2017-06-20 04:05:00,0.1496305
2017-06-20 04:10:00,0.1499
2017-06-20 04:15:00,0.15001544
2017-06-20 04:20:00,0.15039999
2017-06-20 04:25:00,0.15002103
2017-06-20 04:30:00,0.15002103
2017-06-20 04:35:00,0.14978212
2017-06-20 04:40:00,0.14936251
2017-06-20 04:45:00,0.15
2017-06-20 04:50:00,0.14936269
2017-06-20 04:55:00,0.14933259
2017-06-20 05:00:00,0.150002
2017-06-20 05:05:00,0.15025
2017-06-20 05:10:00,0.15073077
2017-06-20 05:15:00,0.15050106
2017-06-20 05:20:00,0.15
2017-06-20 05:25:00,0.15000001
2017-06-20 05:30:00,0.15017368
2017-06-20 05:35:00,0.15017368
2017-06-20 05:40:00,0.1509
2017-06-20 05:45:00,0.15104111
2017-06-20 05:50:00,0.15116902
2017-06-20 05:55:00,0.15100786
2017-06-20 06:00:00,0.15086436
2017-06-20 06:05:00,0.151
2017-06-20 06:10:00,0.15104444
2017-06-20 06:15:00,0.15106745
2017-06-20 06:20:00,0.15100002
2017-06-20 06:25:00,0.15052704
2017-06-20 06:30:00,0.15069
2017-06-20 06:35:00,0.151
2017-06-20 06:40:00,0.151127
2017-06-20 06:45:00,0.15116958
2017-06-20 06:50:00,0.15125
2017-06-20 06:55:00,0.1513111
2017-06-20 07:00:00,0.15136999
2017-06-20 07:05:00,0.15160011
2017-06-20 07:10:00,0.15160004
2017-06-20 07:15:00,0.15161
2017-06-20 07:20:00,0.15166
2017-06-20 07:25:00,0.151757
2017-06-20 07:30:00,0.1519999
2017-06-20 07:35:00,0.1517
2017-06-20 07:40:00,0.1518
2017-06-20 07:45:00,0.15200204
2017-06-20 07:50:00,0.15211304
2017-06-20 07:55:00,0.15234791
2017-06-20 08:00:00,0.153
2017-06-20 08:05:00,0.1537
2017-06-20 08:10:00,0.15469999
2017-06-20 08:15:00,0.155
2017-06-20 08:20:00,0.15672552
2017-06-20 08:25:00,0.157
2017-06-20 08:30:00,0.15512201
2017-06-20 08:35:00,0.15396859
2017-06-20 08:40:00,0.1554
2017-06-20 08:45:00,0.15554191
2017-06-20 08:50:00,0.157
2017-06-20 08:55:00,0.15719999
2017-06-20 09:00:00,0.1577
2017-06-20 09:05:00,0.15700002
2017-06-20 09:10:00,0.15650202
2017-06-20 09:15:00,0.15582139
2017-06-20 09:20:00,0.15438255
2017-06-20 09:25:00,0.15554558
2017-06-20 09:30:00,0.1553
2017-06-20 09:35:00,0.15501
2017-06-20 09:40:00,0.15420011
2017-06-20 09:45:00,0.1537104
2017-06-20 09:50:00,0.15420005
2017-06-20 09:55:00,0.15477001
2017-06-20 10:00:00,0.15499999
2017-06-20 10:05:00,0.15520003
2017-06-20 10:10:00,0.15594996
2017-06-20 10:15:00,0.15555
2017-06-20 10:20:00,0.1563
2017-06-20 10:25:00,0.15552347
2017-06-20 10:30:00,0.15601
2017-06-20 10:35:00,0.15570013
2017-06-20 10:40:00,0.15570038
2017-06-20 10:45:00,0.15610004
2017-06-20 10:50:00,0.15589999
2017-06-20 10:55:00,0.15589999
2017-06-20 11:00:00,0.15673987
2017-06-20 11:05:00,0.15673991
2017-06-20 11:10:00,0.1571
2017-06-20 11:15:00,0.15760001
2017-06-20 11:20:00,0.15755
2017-06-20 11:25:00,0.15723454
2017-06-20 11:30:00,0.158
2017-06-20 11:35:00,0.15800001
2017-06-20 11:40:00,0.1584
2017-06-20 11:45:00,0.1579
2017-06-20 11:50:00,0.15733
2017-06-20 11:55:00,0.15622204
2017-06-20 12:00:00,0.15625
2017-06-20 12:05:00,0.15649999
2017-06-20 12:10:00,0.15649998
2017-06-20 12:15:00,0.15822149
2017-06-20 12:20:00,0.15840007
2017-06-20 12:25:00,0.15889475
2017-06-20 12:30:00,0.15899997
2017-06-20 12:35:00,0.15869999
2017-06-20 12:40:00,0.15880003
2017-06-20 12:45:00,0.15881
2017-06-20 12:50:00,0.15880501
2017-06-20 12:55:00,0.15960501
2017-06-20 13:00:00,0.15992
2017-06-20 13:05:00,0.15999997
2017-06-20 13:10:00,0.160503
2017-06-20 13:15:00,0.16159929
2017-06-20 13:20:00,0.1618799
2017-06-20 13:25:00,0.16179999
2017-06-20 13:30:00,0.16188999
2017-06-20 13:35:00,0.16170002
2017-06-20 13:40:00,0.16170015
2017-06-20 13:45:00,0.16302356
2017-06-20 13:50:00,0.1649
2017-06-20 13:55:00,0.16443368
2017-06-20 14:00:00,0.16590398
2017-06-20 14:05:00,0.16601135
2017-06-20 14:10:00,0.16699991
2017-06-20 14:15:00,0.16681231
2017-06-20 14:20:00,0.16518821
2017-06-20 14:25:00,0.16222352
2017-06-20 14:30:00,0.1596
2017-06-20 14:35:00,0.16090002
2017-06-20 14:40:00,0.161008
2017-06-20 14:45:00,0.16101001
2017-06-20 14:50:00,0.15917
2017-06-20 14:55:00,0.15850002
2017-06-20 15:00:00,0.15720001
2017-06-20 15:05:00,0.15680001
2017-06-20 15:10:00,0.1588
2017-06-20 15:15:00,0.15889999
2017-06-20 15:20:00,0.15940999
2017-06-20 15:25:00,0.15937024
2017-06-20 15:30:00,0.15970001
2017-06-20 15:35:00,0.16078
2017-06-20 15:40:00,0.16148232
2017-06-20 15:45:00,0.1615
2017-06-20 15:50:00,0.16050001
2017-06-20 15:55:00,0.1609
2017-06-20 16:00:00,0.1603
2017-06-20 16:05:00,0.15987
2017-06-20 16:10:00,0.158
2017-06-20 16:15:00,0.1574028
2017-06-20 16:20:00,0.15661803
2017-06-20 16:25:00,0.15603111
2017-06-20 16:30:00,0.155994
2017-06-20 16:35:00,0.156
2017-06-20 16:40:00,0.15586801
2017-06-20 16:45:00,0.15500001
2017-06-20 16:50:00,0.15619998
2017-06-20 16:55:00,0.157157
2017-06-20 17:00:00,0.15668691
2017-06-20 17:05:00,0.15630002
2017-06-20 17:10:00,0.15515005
2017-06-20 17:15:00,0.15515001
2017-06-20 17:20:00,0.15602375
2017-06-20 17:25:00,0.15599999
2017-06-20 17:30:00,0.15599999
2017-06-20 17:35:00,0.15553342
2017-06-20 17:40:00,0.15529999
2017-06-20 17:45:00,0.15521
2017-06-20 17:50:00,0.15599999
2017-06-20 17:55:00,0.155
2017-06-20 18:00:00,0.154999
2017-06-20 18:05:00,0.15485
2017-06-20 18:10:00,0.15472133
2017-06-20 18:15:00,0.1546005
2017-06-20 18:20:00,0.15472
2017-06-20 18:25:00,0.15469
2017-06-20 18:30:00,0.15464448
2017-06-20 18:35:00,0.15430002
2017-06-20 18:40:00,0.1544
2017-06-20 18:45:00,0.1555
2017-06-20 18:50:00,0.155
2017-06-20 18:55:00,0.156
2017-06-20 19:00:00,0.1568
2017-06-20 19:05:00,0.1568
2017-06-20 19:10:00,0.15704872
2017-06-20 19:15:00,0.15609216
2017-06-20 19:20:00,0.157
2017-06-20 19:25:00,0.15602001
2017-06-20 19:30:00,0.156156
2017-06-20 19:35:00,0.1565
2017-06-20 19:40:00,0.15737995
2017-06-20 19:45:00,0.1574
2017-06-20 19:50:00,0.15735
2017-06-20 19:55:00,0.15685366
2017-06-20 20:00:00,0.15593222
2017-06-20 20:05:00,0.15679042
2017-06-20 20:10:00,0.15700001
2017-06-20 20:15:00,0.15700001
2017-06-20 20:20:00,0.15743666
2017-06-20 20:25:00,0.1577
2017-06-20 20:30:00,0.1577
2017-06-20 20:35:00,0.15800716
2017-06-20 20:40:00,0.15837034
2017-06-20 20:45:00,0.1588545
2017-06-20 20:50:00,0.1588
2017-06-20 20:55:00,0.1588
2017-06-20 21:00:00,0.15867246
2017-06-20 21:05:00,0.15837502
2017-06-20 21:10:00,0.15907398
2017-06-20 21:15:00,0.15939998
2017-06-20 21:20:00,0.1593
2017-06-20 21:25:00,0.15882409
2017-06-20 21:30:00,0.15913
2017-06-20 21:35:00,0.159
2017-06-20 21:40:00,0.1584
2017-06-20 21:45:00,0.15798
2017-06-20 21:50:00,0.15742862
2017-06-20 21:55:00,0.15799998
2017-06-20 22:00:00,0.158
2017-06-20 22:05:00,0.15773
2017-06-20 22:10:00,0.1577
2017-06-20 22:15:00,0.1581
2017-06-20 22:20:00,0.158
2017-06-20 22:25:00,0.15789898
2017-06-20 22:30:00,0.15650107
2017-06-20 22:35:00,0.15649999
2017-06-20 22:40:00,0.15556
2017-06-20 22:45:00,0.15556004
2017-06-20 22:50:00,0.15650108
2017-06-20 22:55:00,0.15650106
2017-06-20 23:00:00,0.15615
2017-06-20 23:05:00,0.15655
2017-06-20 23:10:00,0.15699991
2017-06-20 23:15:00,0.1563
2017-06-20 23:20:00,0.15690003
2017-06-20 23:25:00,0.157
2017-06-20 23:30:00,0.157
2017-06-20 23:35:00,0.15725
2017-06-20 23:40:00,0.15729
2017-06-20 23:45:00,0.15730001
2017-06-20 23:50:00,0.1583297
2017-06-20 23:55:00,0.15836796
2017-06-21 00:00:00,0.15901199
2017-06-21 00:05:00,0.15945976
2017-06-21 00:10:00,0.15950011
2017-06-21 00:15:00,0.15950006
2017-06-21 00:20:00,0.1599
2017-06-21 00:25:00,0.15980001
2017-06-21 00:30:00,0.1598
2017-06-21 00:35:00,0.15980001
2017-06-21 00:40:00,0.1610002
2017-06-21 00:45:00,0.16339999
2017-06-21 00:50:00,0.1642
2017-06-21 00:55:00,0.16095729
2017-06-21 01:00:00,0.1608999
2017-06-21 01:05:00,0.16100002
2017-06-21 01:10:00,0.16
2017-06-21 01:15:00,0.15954999
2017-06-21 01:20:00,0.158
2017-06-21 01:25:00,0.15808866
2017-06-21 01:30:00,0.1592195
2017-06-21 01:35:00,0.15905974
2017-06-21 01:40:00,0.15942698
2017-06-21 01:45:00,0.15882256
2017-06-21 01:50:00,0.15882256
2017-06-21 01:55:00,0.15815687
2017-06-21 02:00:00,0.15932257
2017-06-21 02:05:00,0.16002257
2017-06-21 02:10:00,0.15938486
2017-06-21 02:15:00,0.15938485
2017-06-21 02:20:00,0.15825001
2017-06-21 02:25:00,0.15830765
2017-06-21 02:30:00,0.15919997
2017-06-21 02:35:00,0.15825
2017-06-21 02:40:00,0.15850008
2017-06-21 02:45:00,0.1596
2017-06-21 02:50:00,0.16000001
2017-06-21 02:55:00,0.1612664
2017-06-21 03:00:00,0.16130094
2017-06-21 03:05:00,0.15999998
2017-06-21 03:10:00,0.16117999
2017-06-21 03:15:00,0.16015998
2017-06-21 03:20:00,0.15971598
2017-06-21 03:25:00,0.15872387
2017-06-21 03:30:00,0.15710001
2017-06-21 03:35:00,0.155
2017-06-21 03:40:00,0.15435
2017-06-21 03:45:00,0.1545
2017-06-21 03:50:00,0.15363906
2017-06-21 03:55:00,0.15435088
2017-06-21 04:00:00,0.15371002
2017-06-21 04:05:00,0.155
2017-06-21 04:10:00,0.15374001
2017-06-21 04:15:00,0.1528
2017-06-21 04:20:00,0.14819837
2017-06-21 04:25:00,0.14620001
2017-06-21 04:30:00,0.1455
2017-06-21 04:35:00,0.145406
2017-06-21 04:40:00,0.146
2017-06-21 04:45:00,0.14931618
2017-06-21 04:50:00,0.15
2017-06-21 04:55:00,0.14900001
2017-06-21 05:00:00,0.149
2017-06-21 05:05:00,0.1473
2017-06-21 05:10:00,0.14799999
2017-06-21 05:15:00,0.14996993
2017-06-21 05:20:00,0.14793326
2017-06-21 05:25:00,0.14767424
2017-06-21 05:30:00,0.14961
2017-06-21 05:35:00,0.1512
2017-06-21 05:40:00,0.1497
2017-06-21 05:45:00,0.14912972
2017-06-21 05:50:00,0.14906007
2017-06-21 05:55:00,0.14899
2017-06-21 06:00:00,0.14700013
2017-06-21 06:05:00,0.14960971
2017-06-21 06:10:00,0.14819999
2017-06-21 06:15:00,0.14751001
2017-06-21 06:20:00,0.14761116
2017-06-21 06:25:00,0.14761815
2017-06-21 06:30:00,0.14770907
2017-06-21 06:35:00,0.14725108
2017-06-21 06:40:00,0.14725401
2017-06-21 06:45:00,0.14781735
2017-06-21 06:50:00,0.14902001
2017-06-21 06:55:00,0.14994001
2017-06-21 07:00:00,0.15057872
2017-06-21 07:05:00,0.1499017
2017-06-21 07:10:00,0.15000104
2017-06-21 07:15:00,0.150951
2017-06-21 07:20:00,0.15095102
2017-06-21 07:25:00,0.15210001
2017-06-21 07:30:00,0.15220342
2017-06-21 07:35:00,0.15219999
2017-06-21 07:40:00,0.1514391
2017-06-21 07:45:00,0.15145265
2017-06-21 07:50:00,0.15024889
2017-06-21 07:55:00,0.15012
2017-06-21 08:00:00,0.15059999
2017-06-21 08:05:00,0.15092101
2017-06-21 08:10:00,0.15050001
2017-06-21 08:15:00,0.1505
2017-06-21 08:20:00,0.15115001
2017-06-21 08:25:00,0.1518596
2017-06-21 08:30:00,0.15143245
2017-06-21 08:35:00,0.15100496
2017-06-21 08:40:00,0.15050131
2017-06-21 08:45:00,0.15100003
2017-06-21 08:50:00,0.15185958
2017-06-21 08:55:00,0.15053003
2017-06-21 09:00:00,0.1505
2017-06-21 09:05:00,0.151
2017-06-21 09:10:00,0.15047843
2017-06-21 09:15:00,0.15102405
2017-06-21 09:20:00,0.15175993
2017-06-21 09:25:00,0.15177001
2017-06-21 09:30:00,0.15219236
2017-06-21 09:35:00,0.15305
2017-06-21 09:40:00,0.15298017
2017-06-21 09:45:00,0.1522945
2017-06-21 09:50:00,0.153
2017-06-21 09:55:00,0.15183953
2017-06-21 10:00:00,0.15276141
2017-06-21 10:05:00,0.15230002
2017-06-21 10:10:00,0.15252561
2017-06-21 10:15:00,0.1523
2017-06-21 10:20:00,0.15244874
2017-06-21 10:25:00,0.15157
2017-06-21 10:30:00,0.15155
2017-06-21 10:35:00,0.1516
2017-06-21 10:40:00,0.15150005
2017-06-21 10:45:00,0.15150013
2017-06-21 10:50:00,0.15167739
2017-06-21 10:55:00,0.15170003
2017-06-21 11:00:00,0.151702
2017-06-21 11:05:00,0.15226336
2017-06-21 11:10:00,0.15187151
2017-06-21 11:15:00,0.15210001
2017-06-21 11:20:00,0.15297412
2017-06-21 11:25:00,0.15187128
2017-06-21 11:30:00,0.15194872
2017-06-21 11:35:00,0.15196447
2017-06-21 11:40:00,0.15262213
2017-06-21 11:45:00,0.15225085
2017-06-21 11:50:00,0.15219999
2017-06-21 11:55:00,0.15222654
2017-06-21 12:00:00,0.15201618
2017-06-21 12:05:00,0.15200003
2017-06-21 12:10:00,0.15291
2017-06-21 12:15:00,0.15218309
2017-06-21 12:20:00,0.15200006
2017-06-21 12:25:00,0.1518
2017-06-21 12:30:00,0.15200001
2017-06-21 12:35:00,0.152
2017-06-21 12:40:00,0.15198003
2017-06-21 12:45:00,0.15200012
2017-06-21 12:50:00,0.15176907
2017-06-21 12:55:00,0.15152436
2017-06-21 13:00:00,0.1515
2017-06-21 13:05:00,0.1515
2017-06-21 13:10:00,0.1503
2017-06-21 13:15:00,0.1502696
2017-06-21 13:20:00,0.15093923
2017-06-21 13:25:00,0.1515354
2017-06-21 13:30:00,0.15119
2017-06-21 13:35:00,0.15151518
2017-06-21 13:40:00,0.15033624
2017-06-21 13:45:00,0.15006
2017-06-21 13:50:00,0.1495
2017-06-21 13:55:00,0.1490889
2017-06-21 14:00:00,0.14890954
2017-06-21 14:05:00,0.14800002
2017-06-21 14:10:00,0.14800201
2017-06-21 14:15:00,0.14806
2017-06-21 14:20:00,0.1476
2017-06-21 14:25:00,0.14699999
2017-06-21 14:30:00,0.147
2017-06-21 14:35:00,0.147
2017-06-21 14:40:00,0.14700001
2017-06-21 14:45:00,0.146466
2017-06-21 14:50:00,0.146355
2017-06-21 14:55:00,0.14571964
2017-06-21 15:00:00,0.14547347
2017-06-21 15:05:00,0.14639999
2017-06-21 15:10:00,0.14617005
2017-06-21 15:15:00,0.14524406
2017-06-21 15:20:00,0.14660997
2017-06-21 15:25:00,0.1463
2017-06-21 15:30:00,0.14740997
2017-06-21 15:35:00,0.1474
2017-06-21 15:40:00,0.1474
2017-06-21 15:45:00,0.1476625
2017-06-21 15:50:00,0.1476
2017-06-21 15:55:00,0.14824337
2017-06-21 16:00:00,0.14891149
2017-06-21 16:05:00,0.14947949
2017-06-21 16:10:00,0.1488
2017-06-21 16:15:00,0.1493208
2017-06-21 16:20:00,0.14877899
2017-06-21 16:25:00,0.148
2017-06-21 16:30:00,0.14578494
2017-06-21 16:35:00,0.14592868
2017-06-21 16:40:00,0.14637887
2017-06-21 16:45:00,0.1461
2017-06-21 16:50:00,0.14720757
2017-06-21 16:55:00,0.14817936
2017-06-21 17:00:00,0.14854026
2017-06-21 17:05:00,0.14875
2017-06-21 17:10:00,0.14875001
2017-06-21 17:15:00,0.14879498
2017-06-21 17:20:00,0.14889502
2017-06-21 17:25:00,0.15005834
2017-06-21 17:30:00,0.1503
2017-06-21 17:35:00,0.1503
2017-06-21 17:40:00,0.15030001
2017-06-21 17:45:00,0.15128234
2017-06-21 17:50:00,0.15030201
2017-06-21 17:55:00,0.15005423
2017-06-21 18:00:00,0.14988042
2017-06-21 18:05:00,0.14927225
2017-06-21 18:10:00,0.14975
2017-06-21 18:15:00,0.14901101
2017-06-21 18:20:00,0.14875002
2017-06-21 18:25:00,0.14880001
2017-06-21 18:30:00,0.14880001
2017-06-21 18:35:00,0.14854025
2017-06-21 18:40:00,0.1487
2017-06-21 18:45:00,0.14834901
2017-06-21 18:50:00,0.14882138
2017-06-21 18:55:00,0.1486
2017-06-21 19:00:00,0.14785561
2017-06-21 19:05:00,0.14878899
2017-06-21 19:10:00,0.149
2017-06-21 19:15:00,0.14857023
2017-06-21 19:20:00,0.14857023
2017-06-21 19:25:00,0.149
2017-06-21 19:30:00,0.14857025
2017-06-21 19:35:00,0.14857024
2017-06-21 19:40:00,0.14857026
2017-06-21 19:45:00,0.14857023
2017-06-21 19:50:00,0.14910001
2017-06-21 19:55:00,0.14857024
2017-06-21 20:00:00,0.14768418
2017-06-21 20:05:00,0.14727362
2017-06-21 20:10:00,0.14685423
2017-06-21 20:15:00,0.14630001
2017-06-21 20:20:00,0.14630001
2017-06-21 20:25:00,0.14630006
2017-06-21 20:30:00,0.14692772
2017-06-21 20:35:00,0.14630019
2017-06-21 20:40:00,0.14586394
2017-06-21 20:45:00,0.14700002
2017-06-21 20:50:00,0.14596599
2017-06-21 20:55:00,0.14599949
2017-06-21 21:00:00,0.14635198
2017-06-21 21:05:00,0.14700002
2017-06-21 21:10:00,0.14677501
2017-06-21 21:15:00,0.14646401
2017-06-21 21:20:00,0.146679
2017-06-21 21:25:00,0.14666997
2017-06-21 21:30:00,0.1469699
2017-06-21 21:35:00,0.14585001
2017-06-21 21:40:00,0.14511375
2017-06-21 21:45:00,0.14500302
2017-06-21 21:50:00,0.14575927
2017-06-21 21:55:00,0.14653002
2017-06-21 22:00:00,0.14586709
2017-06-21 22:05:00,0.14601465
2017-06-21 22:10:00,0.14726207
2017-06-21 22:15:00,0.1468
2017-06-21 22:20:00,0.14600005
2017-06-21 22:25:00,0.14590001
2017-06-21 22:30:00,0.14590011
2017-06-21 22:35:00,0.14500009
2017-06-21 22:40:00,0.14487
2017-06-21 22:45:00,0.14590008
2017-06-21 22:50:00,0.14611926
2017-06-21 22:55:00,0.14487027
2017-06-21 23:00:00,0.1461159
2017-06-21 23:05:00,0.145
2017-06-21 23:10:00,0.14512187
2017-06-21 23:15:00,0.1453925
2017-06-21 23:20:00,0.1453925
2017-06-21 23:25:00,0.14465809
2017-06-21 23:30:00,0.1454526
2017-06-21 23:35:00,0.14528
2017-06-21 23:40:00,0.1454
2017-06-21 23:45:00,0.1454
2017-06-21 23:50:00,0.14500015
2017-06-21 23:55:00,0.14649247
2017-06-22 00:00:00,0.14716008
2017-06-22 00:05:00,0.1467
2017-06-22 00:10:00,0.14745364
2017-06-22 00:15:00,0.14720499
2017-06-22 00:20:00,0.14676339
2017-06-22 00:25:00,0.14606007
2017-06-22 00:30:00,0.14697
2017-06-22 00:35:00,0.14665
2017-06-22 00:40:00,0.1452
2017-06-22 00:45:00,0.14586291
2017-06-22 00:50:00,0.14526
2017-06-22 00:55:00,0.1459995
2017-06-22 01:00:00,0.14580003
2017-06-22 01:05:00,0.14536298
2017-06-22 01:10:00,0.14579002
2017-06-22 01:15:00,0.145
2017-06-22 01:20:00,0.14533051
2017-06-22 01:25:00,0.14532425
2017-06-22 01:30:00,0.14549999
2017-06-22 01:35:00,0.14548972
2017-06-22 01:40:00,0.14425588
2017-06-22 01:45:00,0.14461001
2017-06-22 01:50:00,0.14530001
2017-06-22 01:55:00,0.145
2017-06-22 02:00:00,0.14486539
2017-06-22 02:05:00,0.14473015
2017-06-22 02:10:00,0.14494625
2017-06-22 02:15:00,0.145145
2017-06-22 02:20:00,0.14514488
2017-06-22 02:25:00,0.14545001
2017-06-22 02:30:00,0.14563
2017-06-22 02:35:00,0.1465
2017-06-22 02:40:00,0.14557276
2017-06-22 02:45:00,0.14503809
2017-06-22 02:50:00,0.14517479
2017-06-22 02:55:00,0.14563498
2017-06-22 03:00:00,0.14563505
2017-06-22 03:05:00,0.14587902
2017-06-22 03:10:00,0.14599009
2017-06-22 03:15:00,0.14599
2017-06-22 03:20:00,0.14517519
2017-06-22 03:25:00,0.14518001
2017-06-22 03:30:00,0.14532179
2017-06-22 03:35:00,0.145
2017-06-22 03:40:00,0.1442168
2017-06-22 03:45:00,0.14300001
2017-06-22 03:50:00,0.14301001
2017-06-22 03:55:00,0.143
2017-06-22 04:00:00,0.143
2017-06-22 04:05:00,0.14223265
2017-06-22 04:10:00,0.1403101
2017-06-22 04:15:00,0.141
2017-06-22 04:20:00,0.14137657
2017-06-22 04:25:00,0.1409
2017-06-22 04:30:00,0.140001
2017-06-22 04:35:00,0.13998007
2017-06-22 04:40:00,0.13988755
2017-06-22 04:45:00,0.1397
2017-06-22 04:50:00,0.14020001
2017-06-22 04:55:00,0.14017104
2017-06-22 05:00:00,0.14016551
2017-06-22 05:05:00,0.14049996
2017-06-22 05:10:00,0.14193999
2017-06-22 05:15:00,0.14129999
2017-06-22 05:20:00,0.14209995
2017-06-22 05:25:00,0.14159997
2017-06-22 05:30:00,0.14115666
2017-06-22 05:35:00,0.1416
2017-06-22 05:40:00,0.14058002
2017-06-22 05:45:00,0.14065031
2017-06-22 05:50:00,0.14025729
2017-06-22 05:55:00,0.140999
2017-06-22 06:00:00,0.14000001
2017-06-22 06:05:00,0.14099992
2017-06-22 06:10:00,0.14043811
2017-06-22 06:15:00,0.13990001
2017-06-22 06:20:00,0.13990002
2017-06-22 06:25:00,0.1386895
2017-06-22 06:30:00,0.13820416
2017-06-22 06:35:00,0.13865503
2017-06-22 06:40:00,0.13882696
2017-06-22 06:45:00,0.13863063
2017-06-22 06:50:00,0.136276
2017-06-22 06:55:00,0.13510008
2017-06-22 07:00:00,0.1348
2017-06-22 07:05:00,0.13649317
2017-06-22 07:10:00,0.13500011
2017-06-22 07:15:00,0.13500011
2017-06-22 07:20:00,0.1354999
2017-06-22 07:25:00,0.13590531
2017-06-22 07:30:00,0.13570348
2017-06-22 07:35:00,0.13765161
2017-06-22 07:40:00,0.13749996
2017-06-22 07:45:00,0.13697002
2017-06-22 07:50:00,0.13659969
2017-06-22 07:55:00,0.1367002
2017-06-22 08:00:00,0.13550001
2017-06-22 08:05:00,0.13628868
2017-06-22 08:10:00,0.13535194
2017-06-22 08:15:00,0.13590398
2017-06-22 08:20:00,0.13570616
2017-06-22 08:25:00,0.135762
2017-06-22 08:30:00,0.13479568
2017-06-22 08:35:00,0.13553808
2017-06-22 08:40:00,0.13549999
2017-06-22 08:45:00,0.13562662
2017-06-22 08:50:00,0.13502155
2017-06-22 08:55:00,0.13562662
2017-06-22 09:00:00,0.13716817
2017-06-22 09:05:00,0.1387
2017-06-22 09:10:00,0.140233
2017-06-22 09:15:00,0.14100001
2017-06-22 09:20:00,0.14279683
2017-06-22 09:25:00,0.14334857
2017-06-22 09:30:00,0.14398
2017-06-22 09:35:00,0.14472176
2017-06-22 09:40:00,0.14579
2017-06-22 09:45:00,0.14512
2017-06-22 09:50:00,0.1451244
2017-06-22 09:55:00,0.14472176
2017-06-22 10:00:00,0.14590898
2017-06-22 10:05:00,0.14646231
2017-06-22 10:10:00,0.14650003
2017-06-22 10:15:00,0.1472998
2017-06-22 10:20:00,0.1480001
2017-06-22 10:25:00,0.14799999
2017-06-22 10:30:00,0.14699002
2017-06-22 10:35:00,0.14770372
2017-06-22 10:40:00,0.14920416
2017-06-22 10:45:00,0.14922603
2017-06-22 10:50:00,0.14921158
2017-06-22 10:55:00,0.14955557
2017-06-22 11:00:00,0.149
2017-06-22 11:05:00,0.1494
2017-06-22 11:10:00,0.14900006
2017-06-22 11:15:00,0.14841838
2017-06-22 11:20:00,0.14787672
2017-06-22 11:25:00,0.14716531
2017-06-22 11:30:00,0.14816513
2017-06-22 11:35:00,0.14660478
2017-06-22 11:40:00,0.14667101
2017-06-22 11:45:00,0.14774454
2017-06-22 11:50:00,0.14658991
2017-06-22 11:55:00,0.14724107
2017-06-22 12:00:00,0.14658993
2017-06-22 12:05:00,0.14659993
2017-06-22 12:10:00,0.14659993
2017-06-22 12:15:00,0.14585356
2017-06-22 12:20:00,0.14554613
2017-06-22 12:25:00,0.14554613
2017-06-22 12:30:00,0.14545824
2017-06-22 12:35:00,0.14545623
2017-06-22 12:40:00,0.145455
2017-06-22 12:45:00,0.14545021
2017-06-22 12:50:00,0.14428663
2017-06-22 12:55:00,0.14421452
2017-06-22 13:00:00,0.14498495
2017-06-22 13:05:00,0.1442805
2017-06-22 13:10:00,0.14470014
2017-06-22 13:15:00,0.1444
2017-06-22 13:20:00,0.143971
2017-06-22 13:25:00,0.14391251
2017-06-22 13:30:00,0.14419787
2017-06-22 13:35:00,0.14428049
2017-06-22 13:40:00,0.1438
2017-06-22 13:45:00,0.14310847
2017-06-22 13:50:00,0.142771
2017-06-22 13:55:00,0.141956
2017-06-22 14:00:00,0.14105886
2017-06-22 14:05:00,0.14052937
2017-06-22 14:10:00,0.14
2017-06-22 14:15:00,0.14040008
2017-06-22 14:20:00,0.14040007
2017-06-22 14:25:00,0.13999996
2017-06-22 14:30:00,0.14097075
2017-06-22 14:35:00,0.14124
2017-06-22 14:40:00,0.14150002
2017-06-22 14:45:00,0.14150055
2017-06-22 14:50:00,0.14195727
2017-06-22 14:55:00,0.14320167
2017-06-22 15:00:00,0.14320167
2017-06-22 15:05:00,0.1418666
2017-06-22 15:10:00,0.14185864
2017-06-22 15:15:00,0.14185864
2017-06-22 15:20:00,0.1418
2017-06-22 15:25:00,0.14160001
2017-06-22 15:30:00,0.1416001
2017-06-22 15:35:00,0.1416001
2017-06-22 15:40:00,0.14160009
2017-06-22 15:45:00,0.14160009
2017-06-22 15:50:00,0.14160012
2017-06-22 15:55:00,0.1416001
2017-06-22 16:00:00,0.14160004
2017-06-22 16:05:00,0.14213868
2017-06-22 16:10:00,0.14250003
2017-06-22 16:15:00,0.14171
2017-06-22 16:20:00,0.14176003
2017-06-22 16:25:00,0.1423
2017-06-22 16:30:00,0.14176012
2017-06-22 16:35:00,0.14209901
2017-06-22 16:40:00,0.14176009
2017-06-22 16:45:00,0.1417601
2017-06-22 16:50:00,0.14239901
2017-06-22 16:55:00,0.14176013
2017-06-22 17:00:00,0.1424
2017-06-22 17:05:00,0.14176018
2017-06-22 17:10:00,0.14176016
2017-06-22 17:15:00,0.14176015
2017-06-22 17:20:00,0.14176012
2017-06-22 17:25:00,0.14179799
2017-06-22 17:30:00,0.14177194
2017-06-22 17:35:00,0.14197999
2017-06-22 17:40:00,0.14150003
2017-06-22 17:45:00,0.14108738
2017-06-22 17:50:00,0.14165848
2017-06-22 17:55:00,0.14144934
2017-06-22 18:00:00,0.1409
2017-06-22 18:05:00,0.14038636
2017-06-22 18:10:00,0.14
2017-06-22 18:15:00,0.1390141
2017-06-22 18:20:00,0.1402
2017-06-22 18:25:00,0.13950678
2017-06-22 18:30:00,0.13901447
2017-06-22 18:35:00,0.14059479
2017-06-22 18:40:00,0.13960001
2017-06-22 18:45:00,0.13992725
2017-06-22 18:50:00,0.13990002
2017-06-22 18:55:00,0.14039998
2017-06-22 19:00:00,0.14
2017-06-22 19:05:00,0.14020999
2017-06-22 19:10:00,0.13980997
2017-06-22 19:15:00,0.14028635
2017-06-22 19:20:00,0.14025888
2017-06-22 19:25:00,0.14027641
2017-06-22 19:30:00,0.14020997
2017-06-22 19:35:00,0.14020997
2017-06-22 19:40:00,0.13999999
2017-06-22 19:45:00,0.13985
2017-06-22 19:50:00,0.13870012
2017-06-22 19:55:00,0.1391
2017-06-22 20:00:00,0.1395813
2017-06-22 20:05:00,0.1391
2017-06-22 20:10:00,0.13908288
2017-06-22 20:15:00,0.13912003
2017-06-22 20:20:00,0.14019554
2017-06-22 20:25:00,0.14049986
2017-06-22 20:30:00,0.1399
2017-06-22 20:35:00,0.14027643
2017-06-22 20:40:00,0.14082283
2017-06-22 20:45:00,0.14124586
2017-06-22 20:50:00,0.14137001
2017-06-22 20:55:00,0.14138782
2017-06-22 21:00:00,0.14184225
2017-06-22 21:05:00,0.14200003
2017-06-22 21:10:00,0.1434
2017-06-22 21:15:00,0.14300101
2017-06-22 21:20:00,0.14320102
2017-06-22 21:25:00,0.14329998
2017-06-22 21:30:00,0.143498
2017-06-22 21:35:00,0.14444637
2017-06-22 21:40:00,0.14359998
2017-06-22 21:45:00,0.14400004
2017-06-22 21:50:00,0.14435
2017-06-22 21:55:00,0.14420032
2017-06-22 22:00:00,0.14533144
2017-06-22 22:05:00,0.14533148
2017-06-22 22:10:00,0.14554842
2017-06-22 22:15:00,0.1451767
2017-06-22 22:20:00,0.14409932
2017-06-22 22:25:00,0.145
2017-06-22 22:30:00,0.14419096
2017-06-22 22:35:00,0.1445
2017-06-22 22:40:00,0.1445
2017-06-22 22:45:00,0.1445
2017-06-22 22:50:00,0.14450001
2017-06-22 22:55:00,0.14320101
2017-06-22 23:00:00,0.143
2017-06-22 23:05:00,0.1431
2017-06-22 23:10:00,0.14302974
2017-06-22 23:15:00,0.14303002
2017-06-22 23:20:00,0.14220189
2017-06-22 23:25:00,0.1433395
2017-06-22 23:30:00,0.14333951
2017-06-22 23:35:00,0.14228008
2017-06-22 23:40:00,0.14238293
2017-06-22 23:45:00,0.14287001
2017-06-22 23:50:00,0.1433
2017-06-22 23:55:00,0.14331
2017-06-23 00:00:00,0.14330001
2017-06-23 00:05:00,0.14331012
2017-06-23 00:10:00,0.14371
2017-06-23 00:15:00,0.14381
2017-06-23 00:20:00,0.14370001
2017-06-23 00:25:00,0.1437
2017-06-23 00:30:00,0.14404461
2017-06-23 00:35:00,0.144244
2017-06-23 00:40:00,0.14404461
2017-06-23 00:45:00,0.14391011
2017-06-23 00:50:00,0.14371054
2017-06-23 00:55:00,0.1436
2017-06-23 01:00:00,0.14321223
2017-06-23 01:05:00,0.14321222
2017-06-23 01:10:00,0.143
2017-06-23 01:15:00,0.1435
2017-06-23 01:20:00,0.14380001
2017-06-23 01:25:00,0.14384538
2017-06-23 01:30:00,0.14311018
2017-06-23 01:35:00,0.14361012
2017-06-23 01:40:00,0.14381013
2017-06-23 01:45:00,0.14341009
2017-06-23 01:50:00,0.14311029
2017-06-23 01:55:00,0.14311012
2017-06-23 02:00:00,0.14281843
2017-06-23 02:05:00,0.14281842
2017-06-23 02:10:00,0.14281842
2017-06-23 02:15:00,0.14192111
2017-06-23 02:20:00,0.14220003
2017-06-23 02:25:00,0.1419211
2017-06-23 02:30:00,0.14200002
2017-06-23 02:35:00,0.1435367
2017-06-23 02:40:00,0.14402
2017-06-23 02:45:00,0.1440151
2017-06-23 02:50:00,0.144015
2017-06-23 02:55:00,0.14404
2017-06-23 03:00:00,0.14404
2017-06-23 03:05:00,0.14430001
2017-06-23 03:10:00,0.14428259
2017-06-23 03:15:00,0.14415
2017-06-23 03:20:00,0.14415
2017-06-23 03:25:00,0.14406001
2017-06-23 03:30:00,0.14388
2017-06-23 03:35:00,0.14391011
2017-06-23 03:40:00,0.14370601
2017-06-23 03:45:00,0.14333333
2017-06-23 03:50:00,0.14332673
2017-06-23 03:55:00,0.14332673
2017-06-23 04:00:00,0.1433
2017-06-23 04:05:00,0.144
2017-06-23 04:10:00,0.14370002
2017-06-23 04:15:00,0.14370003
2017-06-23 04:20:00,0.14380001
2017-06-23 04:25:00,0.14370005
2017-06-23 04:30:00,0.14389609
2017-06-23 04:35:00,0.14406
2017-06-23 04:40:00,0.1441
2017-06-23 04:45:00,0.14380005
2017-06-23 04:50:00,0.14319999
2017-06-23 04:55:00,0.14279671
2017-06-23 05:00:00,0.143
2017-06-23 05:05:00,0.14325
2017-06-23 05:10:00,0.1426101
2017-06-23 05:15:00,0.14271011
2017-06-23 05:20:00,0.14311014
2017-06-23 05:25:00,0.14311012
2017-06-23 05:30:00,0.1437551
2017-06-23 05:35:00,0.14346131
2017-06-23 05:40:00,0.14321
2017-06-23 05:45:00,0.14271018
2017-06-23 05:50:00,0.14361012
2017-06-23 05:55:00,0.14290001
2017-06-23 06:00:00,0.1429
2017-06-23 06:05:00,0.14261032
2017-06-23 06:10:00,0.14200001
2017-06-23 06:15:00,0.14200001
2017-06-23 06:20:00,0.14204
2017-06-23 06:25:00,0.14203002
2017-06-23 06:30:00,0.14306403
2017-06-23 06:35:00,0.14347
2017-06-23 06:40:00,0.14263614
2017-06-23 06:45:00,0.14261012
2017-06-23 06:50:00,0.14263615
2017-06-23 06:55:00,0.14297993
2017-06-23 07:00:00,0.14332168
2017-06-23 07:05:00,0.14255228
2017-06-23 07:10:00,0.1420001
2017-06-23 07:15:00,0.14222437
2017-06-23 07:20:00,0.14222437
2017-06-23 07:25:00,0.14025
2017-06-23 07:30:00,0.14100001
2017-06-23 07:35:00,0.141
2017-06-23 07:40:00,0.1407
2017-06-23 07:45:00,0.14007499
2017-06-23 07:50:00,0.14
2017-06-23 07:55:00,0.14000001
2017-06-23 08:00:00,0.1406309
2017-06-23 08:05:00,0.14109998
2017-06-23 08:10:00,0.14000001
2017-06-23 08:15:00,0.13977621
2017-06-23 08:20:00,0.1398013
2017-06-23 08:25:00,0.13999999
2017-06-23 08:30:00,0.13925304
2017-06-23 08:35:00,0.14
2017-06-23 08:40:00,0.13958128
2017-06-23 08:45:00,0.14059001
2017-06-23 08:50:00,0.14069993
2017-06-23 08:55:00,0.14069999
2017-06-23 09:00:00,0.14150102
2017-06-23 09:05:00,0.14236999
2017-06-23 09:10:00,0.14245192
2017-06-23 09:15:00,0.14163002
2017-06-23 09:20:00,0.14148003
2017-06-23 09:25:00,0.14148007
2017-06-23 09:30:00,0.14207863
2017-06-23 09:35:00,0.142
2017-06-23 09:40:00,0.14160002
2017-06-23 09:45:00,0.141503
2017-06-23 09:50:00,0.14199998
2017-06-23 09:55:00,0.14148502
2017-06-23 10:00:00,0.14148502
2017-06-23 10:05:00,0.14197809
2017-06-23 10:10:00,0.14274
2017-06-23 10:15:00,0.14235532
2017-06-23 10:20:00,0.14148507
2017-06-23 10:25:00,0.14100001
2017-06-23 10:30:00,0.14046943
2017-06-23 10:35:00,0.14017103
2017-06-23 10:40:00,0.14101977
2017-06-23 10:45:00,0.14101803
2017-06-23 10:50:00,0.14000008
2017-06-23 10:55:00,0.14181564
2017-06-23 11:00:00,0.14043
2017-06-23 11:05:00,0.14017001
2017-06-23 11:10:00,0.14068119
2017-06-23 11:15:00,0.14017041
2017-06-23 11:20:00,0.14068117
2017-06-23 11:25:00,0.14000201
2017-06-23 11:30:00,0.14
2017-06-23 11:35:00,0.14100368
2017-06-23 11:40:00,0.14057001
2017-06-23 11:45:00,0.14013338
2017-06-23 11:50:00,0.14000001
2017-06-23 11:55:00,0.14013338
2017-06-23 12:00:00,0.14000029
2017-06-23 12:05:00,0.14
2017-06-23 12:10:00,0.13999999
2017-06-23 12:15:00,0.13984404
2017-06-23 12:20:00,0.14013341
2017-06-23 12:25:00,0.14023351
2017-06-23 12:30:00,0.14063353
2017-06-23 12:35:00,0.14030095
2017-06-23 12:40:00,0.14091998
2017-06-23 12:45:00,0.14050366
2017-06-23 12:50:00,0.14117033
2017-06-23 12:55:00,0.14080007
2017-06-23 13:00:00,0.1406
2017-06-23 13:05:00,0.14050003
2017-06-23 13:10:00,0.1405126
2017-06-23 13:15:00,0.14102715
2017-06-23 13:20:00,0.14117041
2017-06-23 13:25:00,0.14050002
2017-06-23 13:30:00,0.14113321
2017-06-23 13:35:00,0.14166256
2017-06-23 13:40:00,0.1416619
2017-06-23 13:45:00,0.14082039
2017-06-23 13:50:00,0.14073
2017-06-23 13:55:00,0.140724
2017-06-23 14:00:00,0.140724
2017-06-23 14:05:00,0.14113339
2017-06-23 14:10:00,0.14124001
2017-06-23 14:15:00,0.14124
2017-06-23 14:20:00,0.14011908
2017-06-23 14:25:00,0.13989972
2017-06-23 14:30:00,0.1403296
2017-06-23 14:35:00,0.14
2017-06-23 14:40:00,0.14
2017-06-23 14:45:00,0.14
2017-06-23 14:50:00,0.14000001
2017-06-23 14:55:00,0.14000002
2017-06-23 15:00:00,0.13981907
2017-06-23 15:05:00,0.14000002
2017-06-23 15:10:00,0.13990002
2017-06-23 15:15:00,0.14029998
2017-06-23 15:20:00,0.1403
2017-06-23 15:25:00,0.14039998
2017-06-23 15:30:00,0.14120104
2017-06-23 15:35:00,0.14179992
2017-06-23 15:40:00,0.1406501
2017-06-23 15:45:00,0.14077999
2017-06-23 15:50:00,0.14223821
2017-06-23 15:55:00,0.14269999
2017-06-23 16:00:00,0.14283384
2017-06-23 16:05:00,0.14350001
2017-06-23 16:10:00,0.14415001
2017-06-23 16:15:00,0.14415001
2017-06-23 16:20:00,0.14363665
2017-06-23 16:25:00,0.14443
2017-06-23 16:30:00,0.14414113
2017-06-23 16:35:00,0.1428
2017-06-23 16:40:00,0.14300001
2017-06-23 16:45:00,0.14251011
2017-06-23 16:50:00,0.14175021
2017-06-23 16:55:00,0.14217327
2017-06-23 17:00:00,0.14150003
2017-06-23 17:05:00,0.14218788
2017-06-23 17:10:00,0.14206364
2017-06-23 17:15:00,0.1423401
2017-06-23 17:20:00,0.1432
2017-06-23 17:25:00,0.14299999
2017-06-23 17:30:00,0.14269604
2017-06-23 17:35:00,0.14202211
2017-06-23 17:40:00,0.141952
2017-06-23 17:45:00,0.141952
2017-06-23 17:50:00,0.14308809
2017-06-23 17:55:00,0.14295201
2017-06-23 18:00:00,0.14308771
2017-06-23 18:05:00,0.1419511
2017-06-23 18:10:00,0.143
2017-06-23 18:15:00,0.14257995
2017-06-23 18:20:00,0.14192113
2017-06-23 18:25:00,0.14192116
2017-06-23 18:30:00,0.14264997
2017-06-23 18:35:00,0.14219033
2017-06-23 18:40:00,0.14300999
2017-06-23 18:45:00,0.14227
2017-06-23 18:50:00,0.14218787
2017-06-23 18:55:00,0.14259008
2017-06-23 19:00:00,0.143
2017-06-23 19:05:00,0.14299999
2017-06-23 19:10:00,0.14299999
2017-06-23 19:15:00,0.14336555
2017-06-23 19:20:00,0.14216442
2017-06-23 19:25:00,0.14303001
2017-06-23 19:30:00,0.14249097
2017-06-23 19:35:00,0.14260221
2017-06-23 19:40:00,0.14250001
2017-06-23 19:45:00,0.14180019
2017-06-23 19:50:00,0.14199999
2017-06-23 19:55:00,0.14220011
2017-06-23 20:00:00,0.14176471
2017-06-23 20:05:00,0.14157845
2017-06-23 20:10:00,0.14128935
2017-06-23 20:15:00,0.14128936
2017-06-23 20:20:00,0.14101
2017-06-23 20:25:00,0.14102
2017-06-23 20:30:00,0.14101003
2017-06-23 20:35:00,0.14089392
2017-06-23 20:40:00,0.14089392
2017-06-23 20:45:00,0.141
2017-06-23 20:50:00,0.141
2017-06-23 20:55:00,0.14089913
2017-06-23 21:00:00,0.14089914
2017-06-23 21:05:00,0.14089914
2017-06-23 21:10:00,0.14112
2017-06-23 21:15:00,0.14113
2017-06-23 21:20:00,0.14112
2017-06-23 21:25:00,0.1409
2017-06-23 21:30:00,0.141
2017-06-23 21:35:00,0.1415351
2017-06-23 21:40:00,0.14153512
2017-06-23 21:45:00,0.14150014
2017-06-23 21:50:00,0.14138002
2017-06-23 21:55:00,0.14090119
2017-06-23 22:00:00,0.14090006
2017-06-23 22:05:00,0.14073643
2017-06-23 22:10:00,0.14084001
2017-06-23 22:15:00,0.14084
2017-06-23 22:20:00,0.14083976
2017-06-23 22:25:00,0.14074
2017-06-23 22:30:00,0.14070005
2017-06-23 22:35:00,0.141
2017-06-23 22:40:00,0.14070034
2017-06-23 22:45:00,0.14072062
2017-06-23 22:50:00,0.140662
2017-06-23 22:55:00,0.14055001
2017-06-23 23:00:00,0.14068104
2017-06-23 23:05:00,0.14069999
2017-06-23 23:10:00,0.14069
2017-06-23 23:15:00,0.14069
2017-06-23 23:20:00,0.14068993
2017-06-23 23:25:00,0.14049
2017-06-23 23:30:00,0.14069
2017-06-23 23:35:00,0.141
2017-06-23 23:40:00,0.14122128
2017-06-23 23:45:00,0.14121086
2017-06-23 23:50:00,0.141
2017-06-23 23:55:00,0.141
2017-06-24 00:00:00,0.141
2017-06-24 00:05:00,0.14069075
2017-06-24 00:10:00,0.14069077
2017-06-24 00:15:00,0.14082917
2017-06-24 00:20:00,0.14079084
2017-06-24 00:25:00,0.14075
2017-06-24 00:30:00,0.141
2017-06-24 00:35:00,0.1410875
2017-06-24 00:40:00,0.14099989
2017-06-24 00:45:00,0.14100002
2017-06-24 00:50:00,0.14080002
2017-06-24 00:55:00,0.14070013
2017-06-24 01:00:00,0.14070171
2017-06-24 01:05:00,0.14125
2017-06-24 01:10:00,0.1411451
2017-06-24 01:15:00,0.14115511
2017-06-24 01:20:00,0.1411451
2017-06-24 01:25:00,0.1411551
2017-06-24 01:30:00,0.14100001
2017-06-24 01:35:00,0.14149999
2017-06-24 01:40:00,0.14115515
2017-06-24 01:45:00,0.14100001
2017-06-24 01:50:00,0.14115511
2017-06-24 01:55:00,0.14100002
2017-06-24 02:00:00,0.14100001
2017-06-24 02:05:00,0.14100002
2017-06-24 02:10:00,0.14100002
2017-06-24 02:15:00,0.14100002
2017-06-24 02:20:00,0.14114
2017-06-24 02:25:00,0.14115132
2017-06-24 02:30:00,0.141155
2017-06-24 02:35:00,0.14115132
2017-06-24 02:40:00,0.14100002
2017-06-24 02:45:00,0.14098
2017-06-24 02:50:00,0.141
2017-06-24 02:55:00,0.14100001
2017-06-24 03:00:00,0.14098001
2017-06-24 03:05:00,0.14096648
2017-06-24 03:10:00,0.14070016
2017-06-24 03:15:00,0.14070019
2017-06-24 03:20:00,0.14070021
2017-06-24 03:25:00,0.14070015
2017-06-24 03:30:00,0.14050001
2017-06-24 03:35:00,0.14068315
2017-06-24 03:40:00,0.1402001
2017-06-24 03:45:00,0.14026993
2017-06-24 03:50:00,0.14004
2017-06-24 03:55:00,0.14004
2017-06-24 04:00:00,0.14001701
2017-06-24 04:05:00,0.1402001
2017-06-24 04:10:00,0.14001102
2017-06-24 04:15:00,0.14001106
2017-06-24 04:20:00,0.14001
2017-06-24 04:25:00,0.14028672
2017-06-24 04:30:00,0.14028675
2017-06-24 04:35:00,0.14006705
2017-06-24 04:40:00,0.14059997
2017-06-24 04:45:00,0.14031004
2017-06-24 04:50:00,0.1400103
2017-06-24 04:55:00,0.14031
2017-06-24 05:00:00,0.14031005
2017-06-24 05:05:00,0.14031008
2017-06-24 05:10:00,0.140014
2017-06-24 05:15:00,0.14001
2017-06-24 05:20:00,0.14001
2017-06-24 05:25:00,0.14030999
2017-06-24 05:30:00,0.14036993
2017-06-24 05:35:00,0.14036995
2017-06-24 05:40:00,0.14036994
2017-06-24 05:45:00,0.14021013
2017-06-24 05:50:00,0.1400101
2017-06-24 05:55:00,0.14060001
2017-06-24 06:00:00,0.1404851
2017-06-24 06:05:00,0.1403701
2017-06-24 06:10:00,0.14062886
2017-06-24 06:15:00,0.14050003
2017-06-24 06:20:00,0.14051
2017-06-24 06:25:00,0.1400205
2017-06-24 06:30:00,0.14048941
2017-06-24 06:35:00,0.14091895
2017-06-24 06:40:00,0.1406101
2017-06-24 06:45:00,0.14051014
2017-06-24 06:50:00,0.14051016
2017-06-24 06:55:00,0.14051018
2017-06-24 07:00:00,0.14055981
2017-06-24 07:05:00,0.14001001
2017-06-24 07:10:00,0.14092999
2017-06-24 07:15:00,0.14056019
2017-06-24 07:20:00,0.1405602
2017-06-24 07:25:00,0.14091396
2017-06-24 07:30:00,0.14030013
2017-06-24 07:35:00,0.14051988
2017-06-24 07:40:00,0.14052216
2017-06-24 07:45:00,0.14030011
2017-06-24 07:50:00,0.14047261
2017-06-24 07:55:00,0.14039255
2017-06-24 08:00:00,0.14041199
2017-06-24 08:05:00,0.14050051
2017-06-24 08:10:00,0.1409139
2017-06-24 08:15:00,0.14030007
2017-06-24 08:20:00,0.14030007
2017-06-24 08:25:00,0.14046006
2017-06-24 08:30:00,0.14031001
2017-06-24 08:35:00,0.14099997
2017-06-24 08:40:00,0.14097812
2017-06-24 08:45:00,0.141
2017-06-24 08:50:00,0.14046007
2017-06-24 08:55:00,0.14046074
2017-06-24 09:00:00,0.14046047
2017-06-24 09:05:00,0.14046251
2017-06-24 09:10:00,0.14040757
2017-06-24 09:15:00,0.1405
2017-06-24 09:20:00,0.1403003
2017-06-24 09:25:00,0.14043143
2017-06-24 09:30:00,0.14081624
2017-06-24 09:35:00,0.14082779
2017-06-24 09:40:00,0.14071111
2017-06-24 09:45:00,0.14085781
2017-06-24 09:50:00,0.14043132
2017-06-24 09:55:00,0.1404
2017-06-24 10:00:00,0.14032509
2017-06-24 10:05:00,0.14043133
2017-06-24 10:10:00,0.14034384
2017-06-24 10:15:00,0.14034506
2017-06-24 10:20:00,0.14006019
2017-06-24 10:25:00,0.14024577
2017-06-24 10:30:00,0.14100259
2017-06-24 10:35:00,0.14113
2017-06-24 10:40:00,0.14112076
2017-06-24 10:45:00,0.14085911
2017-06-24 10:50:00,0.14052
2017-06-24 10:55:00,0.14022971
2017-06-24 11:00:00,0.14006046
2017-06-24 11:05:00,0.14043132
2017-06-24 11:10:00,0.14058714
2017-06-24 11:15:00,0.14051532
2017-06-24 11:20:00,0.14031373
2017-06-24 11:25:00,0.14048087
2017-06-24 11:30:00,0.1404685
2017-06-24 11:35:00,0.14048071
2017-06-24 11:40:00,0.14017002
2017-06-24 11:45:00,0.14006043
2017-06-24 11:50:00,0.1401
2017-06-24 11:55:00,0.14015
2017-06-24 12:00:00,0.14006018
2017-06-24 12:05:00,0.140101
2017-06-24 12:10:00,0.14014999
2017-06-24 12:15:00,0.14001
2017-06-24 12:20:00,0.14001999
2017-06-24 12:25:00,0.140014
2017-06-24 12:30:00,0.14001001
2017-06-24 12:35:00,0.140012
2017-06-24 12:40:00,0.14001002
2017-06-24 12:45:00,0.14001297
2017-06-24 12:50:00,0.14014999
2017-06-24 12:55:00,0.14014999
2017-06-24 13:00:00,0.14016001
2017-06-24 13:05:00,0.14017002
2017-06-24 13:10:00,0.14027003
2017-06-24 13:15:00,0.14027004
2017-06-24 13:20:00,0.14027002
2017-06-24 13:25:00,0.140115
2017-06-24 13:30:00,0.14020001
2017-06-24 13:35:00,0.14021589
2017-06-24 13:40:00,0.14027004
2017-06-24 13:45:00,0.14025094
2017-06-24 13:50:00,0.14039
2017-06-24 13:55:00,0.14038999
2017-06-24 14:00:00,0.14030005
2017-06-24 14:05:00,0.14033989
2017-06-24 14:10:00,0.14030959
2017-06-24 14:15:00,0.14030959
2017-06-24 14:20:00,0.14028001
2017-06-24 14:25:00,0.14027168
2017-06-24 14:30:00,0.14027168
2017-06-24 14:35:00,0.14027
2017-06-24 14:40:00,0.1401525
2017-06-24 14:45:00,0.14015845
2017-06-24 14:50:00,0.14006388
2017-06-24 14:55:00,0.1400301
2017-06-24 15:00:00,0.14002006
2017-06-24 15:05:00,0.14000005
2017-06-24 15:10:00,0.13999979
2017-06-24 15:15:00,0.14
2017-06-24 15:20:00,0.14059981
2017-06-24 15:25:00,0.14
2017-06-24 15:30:00,0.14020002
2017-06-24 15:35:00,0.13990001
2017-06-24 15:40:00,0.13931
2017-06-24 15:45:00,0.13994789
2017-06-24 15:50:00,0.13952932
2017-06-24 15:55:00,0.13901142
2017-06-24 16:00:00,0.1395293
2017-06-24 16:05:00,0.1389954
2017-06-24 16:10:00,0.1389954
2017-06-24 16:15:00,0.13901541
2017-06-24 16:20:00,0.1389954
2017-06-24 16:25:00,0.1391
2017-06-24 16:30:00,0.13915
2017-06-24 16:35:00,0.13925
2017-06-24 16:40:00,0.13949999
2017-06-24 16:45:00,0.13905023
2017-06-24 16:50:00,0.13950001
2017-06-24 16:55:00,0.1391
2017-06-24 17:00:00,0.13907
2017-06-24 17:05:00,0.139
2017-06-24 17:10:00,0.13977001
2017-06-24 17:15:00,0.13914202
2017-06-24 17:20:00,0.13921002
2017-06-24 17:25:00,0.1392
2017-06-24 17:30:00,0.13920004
2017-06-24 17:35:00,0.13922052
2017-06-24 17:40:00,0.13920008
2017-06-24 17:45:00,0.13907791
2017-06-24 17:50:00,0.13949999
2017-06-24 17:55:00,0.13906141
2017-06-24 18:00:00,0.13899774
2017-06-24 18:05:00,0.13937001
2017-06-24 18:10:00,0.1390449
2017-06-24 18:15:00,0.13899546
2017-06-24 18:20:00,0.13904617
2017-06-24 18:25:00,0.13898628
2017-06-24 18:30:00,0.13893428
2017-06-24 18:35:00,0.138545
2017-06-24 18:40:00,0.13829997
2017-06-24 18:45:00,0.13801001
2017-06-24 18:50:00,0.1376898
2017-06-24 18:55:00,0.13770323
2017-06-24 19:00:00,0.13770323
2017-06-24 19:05:00,0.13770323
2017-06-24 19:10:00,0.13768956
2017-06-24 19:15:00,0.13762676
2017-06-24 19:20:00,0.1375
2017-06-24 19:25:00,0.13721394
2017-06-24 19:30:00,0.13737804
2017-06-24 19:35:00,0.1376
2017-06-24 19:40:00,0.13823572
2017-06-24 19:45:00,0.1378
2017-06-24 19:50:00,0.1378
2017-06-24 19:55:00,0.1379141
2017-06-24 20:00:00,0.1379141
2017-06-24 20:05:00,0.1378
2017-06-24 20:10:00,0.13760009
2017-06-24 20:15:00,0.1377
2017-06-24 20:20:00,0.1379141
2017-06-24 20:25:00,0.13778889
2017-06-24 20:30:00,0.13799
2017-06-24 20:35:00,0.13760012
2017-06-24 20:40:00,0.13765
2017-06-24 20:45:00,0.13783386
2017-06-24 20:50:00,0.1375
2017-06-24 20:55:00,0.13730002
2017-06-24 21:00:00,0.13765002
2017-06-24 21:05:00,0.13761
2017-06-24 21:10:00,0.13771001
2017-06-24 21:15:00,0.13761011
2017-06-24 21:20:00,0.13766006
2017-06-24 21:25:00,0.13765007
2017-06-24 21:30:00,0.13830747
2017-06-24 21:35:00,0.13800006
2017-06-24 21:40:00,0.13816714
2017-06-24 21:45:00,0.13800001
2017-06-24 21:50:00,0.13817471
2017-06-24 21:55:00,0.139
2017-06-24 22:00:00,0.13894113
2017-06-24 22:05:00,0.13894124
2017-06-24 22:10:00,0.13865548
2017-06-24 22:15:00,0.13860099
2017-06-24 22:20:00,0.13779
2017-06-24 22:25:00,0.13767019
2017-06-24 22:30:00,0.13767021
2017-06-24 22:35:00,0.1378
2017-06-24 22:40:00,0.13875
2017-06-24 22:45:00,0.13792125
2017-06-24 22:50:00,0.13878969
2017-06-24 22:55:00,0.13792154
2017-06-24 23:00:00,0.13801
2017-06-24 23:05:00,0.13898998
2017-06-24 23:10:00,0.13898995
2017-06-24 23:15:00,0.13805979
2017-06-24 23:20:00,0.13788687
2017-06-24 23:25:00,0.13789999
2017-06-24 23:30:00,0.13767235
2017-06-24 23:35:00,0.1381
2017-06-24 23:40:00,0.1377001
2017-06-24 23:45:00,0.13791133
2017-06-24 23:50:00,0.13791154
2017-06-24 23:55:00,0.13934757
2017-06-25 00:00:00,0.1385
2017-06-25 00:05:00,0.13781001
2017-06-25 00:10:00,0.13799997
2017-06-25 00:15:00,0.1393
2017-06-25 00:20:00,0.13860652
2017-06-25 00:25:00,0.1393
2017-06-25 00:30:00,0.138492
2017-06-25 00:35:00,0.13800021
2017-06-25 00:40:00,0.13809999
2017-06-25 00:45:00,0.13810011
2017-06-25 00:50:00,0.1390003
2017-06-25 00:55:00,0.1390003
2017-06-25 01:00:00,0.13900028
2017-06-25 01:05:00,0.13810302
2017-06-25 01:10:00,0.13774486
2017-06-25 01:15:00,0.1381
2017-06-25 01:20:00,0.13790437
2017-06-25 01:25:00,0.13833329
2017-06-25 01:30:00,0.13763334
2017-06-25 01:35:00,0.13833329
2017-06-25 01:40:00,0.13800001
2017-06-25 01:45:00,0.13874
2017-06-25 01:50:00,0.13920002
2017-06-25 01:55:00,0.13929995
2017-06-25 02:00:00,0.13934697
2017-06-25 02:05:00,0.1393247
2017-06-25 02:10:00,0.1389918
2017-06-25 02:15:00,0.13899188
2017-06-25 02:20:00,0.13899131
2017-06-25 02:25:00,0.13826769
2017-06-25 02:30:00,0.13798
2017-06-25 02:35:00,0.1371756
2017-06-25 02:40:00,0.13748999
2017-06-25 02:45:00,0.13779969
2017-06-25 02:50:00,0.13776643
2017-06-25 02:55:00,0.1377001
2017-06-25 03:00:00,0.1377
2017-06-25 03:05:00,0.13739401
2017-06-25 03:10:00,0.1375
2017-06-25 03:15:00,0.13750001
2017-06-25 03:20:00,0.13765037
2017-06-25 03:25:00,0.13765038
2017-06-25 03:30:00,0.13797989
2017-06-25 03:35:00,0.13798001
2017-06-25 03:40:00,0.13799291
2017-06-25 03:45:00,0.13800001
2017-06-25 03:50:00,0.13862194
2017-06-25 03:55:00,0.13820605
2017-06-25 04:00:00,0.137568
2017-06-25 04:05:00,0.137567
2017-06-25 04:10:00,0.13756798
2017-06-25 04:15:00,0.13756811
2017-06-25 04:20:00,0.13800005
2017-06-25 04:25:00,0.1382
2017-06-25 04:30:00,0.138
2017-06-25 04:35:00,0.13756819
2017-06-25 04:40:00,0.13760999
2017-06-25 04:45:00,0.13750001
2017-06-25 04:50:00,0.13758714
2017-06-25 04:55:00,0.13800001
2017-06-25 05:00:00,0.1377
2017-06-25 05:05:00,0.13751706
2017-06-25 05:10:00,0.138
2017-06-25 05:15:00,0.13772474
2017-06-25 05:20:00,0.13751684
2017-06-25 05:25:00,0.13750001
2017-06-25 05:30:00,0.13866638
2017-06-25 05:35:00,0.1376
2017-06-25 05:40:00,0.13850001
2017-06-25 05:45:00,0.13767274
2017-06-25 05:50:00,0.138
2017-06-25 05:55:00,0.13800001
2017-06-25 06:00:00,0.13962646
2017-06-25 06:05:00,0.13962646
2017-06-25 06:10:00,0.13916971
2017-06-25 06:15:00,0.13850001
2017-06-25 06:20:00,0.13964042
2017-06-25 06:25:00,0.1385
2017-06-25 06:30:00,0.13847475
2017-06-25 06:35:00,0.13825
2017-06-25 06:40:00,0.13816
2017-06-25 06:45:00,0.13932235
2017-06-25 06:50:00,0.1393224
2017-06-25 06:55:00,0.14009999
2017-06-25 07:00:00,0.14
2017-06-25 07:05:00,0.14000001
2017-06-25 07:10:00,0.13912009
2017-06-25 07:15:00,0.13930121
2017-06-25 07:20:00,0.13912001
2017-06-25 07:25:00,0.13850012
2017-06-25 07:30:00,0.13841716
2017-06-25 07:35:00,0.13848711
2017-06-25 07:40:00,0.1381
2017-06-25 07:45:00,0.13879777
2017-06-25 07:50:00,0.13807296
2017-06-25 07:55:00,0.13773002
2017-06-25 08:00:00,0.13849995
2017-06-25 08:05:00,0.13811174
2017-06-25 08:10:00,0.13830194
2017-06-25 08:15:00,0.13793787
2017-06-25 08:20:00,0.13793798
2017-06-25 08:25:00,0.13829009
2017-06-25 08:30:00,0.13849215
2017-06-25 08:35:00,0.13842483
2017-06-25 08:40:00,0.13842492
2017-06-25 08:45:00,0.13851
2017-06-25 08:50:00,0.13851002
2017-06-25 08:55:00,0.13801185
2017-06-25 09:00:00,0.13801185
2017-06-25 09:05:00,0.13777
2017-06-25 09:10:00,0.13771
2017-06-25 09:15:00,0.13829007
2017-06-25 09:20:00,0.13787646
2017-06-25 09:25:00,0.13811
2017-06-25 09:30:00,0.13829008
2017-06-25 09:35:00,0.13787646
2017-06-25 09:40:00,0.13774413
2017-06-25 09:45:00,0.13817588
2017-06-25 09:50:00,0.13817589
2017-06-25 09:55:00,0.13851
2017-06-25 10:00:00,0.13817598
2017-06-25 10:05:00,0.13851
2017-06-25 10:10:00,0.13851001
2017-06-25 10:15:00,0.13817957
2017-06-25 10:20:00,0.13817957
2017-06-25 10:25:00,0.13856961
2017-06-25 10:30:00,0.13817587
2017-06-25 10:35:00,0.13756586
2017-06-25 10:40:00,0.1378
2017-06-25 10:45:00,0.13856
2017-06-25 10:50:00,0.13750001
2017-06-25 10:55:00,0.13741135
2017-06-25 11:00:00,0.137361
2017-06-25 11:05:00,0.13729977
2017-06-25 11:10:00,0.13677001
2017-06-25 11:15:00,0.13678705
2017-06-25 11:20:00,0.13660001
2017-06-25 11:25:00,0.13638107
2017-06-25 11:30:00,0.13670003
2017-06-25 11:35:00,0.13670006
2017-06-25 11:40:00,0.13670001
2017-06-25 11:45:00,0.13650001
2017-06-25 11:50:00,0.1365003
2017-06-25 11:55:00,0.13692977
2017-06-25 12:00:00,0.13685
2017-06-25 12:05:00,0.138
2017-06-25 12:10:00,0.13657415
2017-06-25 12:15:00,0.13741656
2017-06-25 12:20:00,0.13658121
2017-06-25 12:25:00,0.13656603
2017-06-25 12:30:00,0.13656605
2017-06-25 12:35:00,0.13651
2017-06-25 12:40:00,0.13683634
2017-06-25 12:45:00,0.13683656
2017-06-25 12:50:00,0.1375001
2017-06-25 12:55:00,0.13750011
2017-06-25 13:00:00,0.13750009
2017-06-25 13:05:00,0.1373735
2017-06-25 13:10:00,0.1373735
2017-06-25 13:15:00,0.13737351
2017-06-25 13:20:00,0.13780937
2017-06-25 13:25:00,0.13811978
2017-06-25 13:30:00,0.13731371
2017-06-25 13:35:00,0.13731371
2017-06-25 13:40:00,0.13674
2017-06-25 13:45:00,0.13654001
2017-06-25 13:50:00,0.13650012
2017-06-25 13:55:00,0.1367
2017-06-25 14:00:00,0.13661289
2017-06-25 14:05:00,0.1365
2017-06-25 14:10:00,0.13650005
2017-06-25 14:15:00,0.13650001
2017-06-25 14:20:00,0.13650003
2017-06-25 14:25:00,0.1365
2017-06-25 14:30:00,0.13630041
2017-06-25 14:35:00,0.13630128
2017-06-25 14:40:00,0.13649528
2017-06-25 14:45:00,0.13649528
2017-06-25 14:50:00,0.1365
2017-06-25 14:55:00,0.13649527
2017-06-25 15:00:00,0.13646316
2017-06-25 15:05:00,0.13630683
2017-06-25 15:10:00,0.13630061
2017-06-25 15:15:00,0.13630683
2017-06-25 15:20:00,0.13690024
2017-06-25 15:25:00,0.13700004
2017-06-25 15:30:00,0.13700002
2017-06-25 15:35:00,0.13663227
2017-06-25 15:40:00,0.1374797
2017-06-25 15:45:00,0.13700015
2017-06-25 15:50:00,0.13761749
2017-06-25 15:55:00,0.13700508
2017-06-25 16:00:00,0.13753001
2017-06-25 16:05:00,0.1373
2017-06-25 16:10:00,0.13665617
2017-06-25 16:15:00,0.13680002
2017-06-25 16:20:00,0.13700001
2017-06-25 16:25:00,0.13653031
2017-06-25 16:30:00,0.13621
2017-06-25 16:35:00,0.13602881
2017-06-25 16:40:00,0.136
2017-06-25 16:45:00,0.1358
2017-06-25 16:50:00,0.13570094
2017-06-25 16:55:00,0.1357124
2017-06-25 17:00:00,0.13670001
2017-06-25 17:05:00,0.1361
2017-06-25 17:10:00,0.13600058
2017-06-25 17:15:00,0.13570103
2017-06-25 17:20:00,0.1365
2017-06-25 17:25:00,0.13600005
2017-06-25 17:30:00,0.13600007
2017-06-25 17:35:00,0.13604009
2017-06-25 17:40:00,0.13600002
2017-06-25 17:45:00,0.1355
2017-06-25 17:50:00,0.13540903
2017-06-25 17:55:00,0.13512999
2017-06-25 18:00:00,0.13500002
2017-06-25 18:05:00,0.13500001
2017-06-25 18:10:00,0.13503438
2017-06-25 18:15:00,0.13621092
2017-06-25 18:20:00,0.135917
2017-06-25 18:25:00,0.13500002
2017-06-25 18:30:00,0.13500016
2017-06-25 18:35:00,0.13500123
2017-06-25 18:40:00,0.1350013
2017-06-25 18:45:00,0.1350013
2017-06-25 18:50:00,0.1350015
2017-06-25 18:55:00,0.13500001
2017-06-25 19:00:00,0.13500154
2017-06-25 19:05:00,0.13500154
2017-06-25 19:10:00,0.13500156
2017-06-25 19:15:00,0.1350004
2017-06-25 19:20:00,0.13500002
2017-06-25 19:25:00,0.13500002
2017-06-25 19:30:00,0.13500044
2017-06-25 19:35:00,0.1348344
2017-06-25 19:40:00,0.1349
2017-06-25 19:45:00,0.1348344
2017-06-25 19:50:00,0.13484001
2017-06-25 19:55:00,0.1348
2017-06-25 20:00:00,0.13483437
2017-06-25 20:05:00,0.1347344
2017-06-25 20:10:00,0.134745
2017-06-25 20:15:00,0.13530001
2017-06-25 20:20:00,0.13484001
2017-06-25 20:25:00,0.13484
2017-06-25 20:30:00,0.134695
2017-06-25 20:35:00,0.1347
2017-06-25 20:40:00,0.13467698
2017-06-25 20:45:00,0.13520002
2017-06-25 20:50:00,0.13478231
2017-06-25 20:55:00,0.13479
2017-06-25 21:00:00,0.13473002
2017-06-25 21:05:00,0.1356
2017-06-25 21:10:00,0.13599307
2017-06-25 21:15:00,0.13559214
2017-06-25 21:20:00,0.13500004
2017-06-25 21:25:00,0.13529591
2017-06-25 21:30:00,0.13485001
2017-06-25 21:35:00,0.13521372
2017-06-25 21:40:00,0.134607
2017-06-25 21:45:00,0.13498899
2017-06-25 21:50:00,0.134
2017-06-25 21:55:00,0.1336003
2017-06-25 22:00:00,0.13399998
2017-06-25 22:05:00,0.13347379
2017-06-25 22:10:00,0.13347383
2017-06-25 22:15:00,0.13459966
2017-06-25 22:20:00,0.13407534
2017-06-25 22:25:00,0.13410002
2017-06-25 22:30:00,0.13321004
2017-06-25 22:35:00,0.1338
2017-06-25 22:40:00,0.13380003
2017-06-25 22:45:00,0.13356213
2017-06-25 22:50:00,0.13440265
2017-06-25 22:55:00,0.13440264
2017-06-25 23:00:00,0.13477965
2017-06-25 23:05:00,0.13520627
2017-06-25 23:10:00,0.1358
2017-06-25 23:15:00,0.135799
2017-06-25 23:20:00,0.13483444
2017-06-25 23:25:00,0.13549998
2017-06-25 23:30:00,0.1346
2017-06-25 23:35:00,0.13452
2017-06-25 23:40:00,0.13500569
2017-06-25 23:45:00,0.1345
2017-06-25 23:50:00,0.1344
2017-06-25 23:55:00,0.1347
2017-06-26 00:00:00,0.1342
2017-06-26 00:05:00,0.133989
2017-06-26 00:10:00,0.13398003
2017-06-26 00:15:00,0.13398002
2017-06-26 00:20:00,0.13400001
2017-06-26 00:25:00,0.13380018
2017-06-26 00:30:00,0.13335299
2017-06-26 00:35:00,0.13335301
2017-06-26 00:40:00,0.13395398
2017-06-26 00:45:00,0.13342005
2017-06-26 00:50:00,0.13343999
2017-06-26 00:55:00,0.1333
2017-06-26 01:00:00,0.13333335
2017-06-26 01:05:00,0.13355905
2017-06-26 01:10:00,0.13331501
2017-06-26 01:15:00,0.13367
2017-06-26 01:20:00,0.13298
2017-06-26 01:25:00,0.1329001
2017-06-26 01:30:00,0.132501
2017-06-26 01:35:00,0.13172999
2017-06-26 01:40:00,0.13199993
2017-06-26 01:45:00,0.13199981
2017-06-26 01:50:00,0.1314
2017-06-26 01:55:00,0.1314
2017-06-26 02:00:00,0.13179066
2017-06-26 02:05:00,0.13119002
2017-06-26 02:10:00,0.13179999
2017-06-26 02:15:00,0.13178126
2017-06-26 02:20:00,0.132572
2017-06-26 02:25:00,0.132573
2017-06-26 02:30:00,0.13200001
2017-06-26 02:35:00,0.13209604
2017-06-26 02:40:00,0.13162648
2017-06-26 02:45:00,0.1316
2017-06-26 02:50:00,0.13130001
2017-06-26 02:55:00,0.13170095
2017-06-26 03:00:00,0.13133761
2017-06-26 03:05:00,0.13238396
2017-06-26 03:10:00,0.13238396
2017-06-26 03:15:00,0.13230001
2017-06-26 03:20:00,0.131612
2017-06-26 03:25:00,0.13209997
2017-06-26 03:30:00,0.1316022
2017-06-26 03:35:00,0.131001
2017-06-26 03:40:00,0.13095501
2017-06-26 03:45:00,0.1308
2017-06-26 03:50:00,0.13077
2017-06-26 03:55:00,0.13069319
2017-06-26 04:00:00,0.130601
2017-06-26 04:05:00,0.1301
2017-06-26 04:10:00,0.1311
2017-06-26 04:15:00,0.13083125
2017-06-26 04:20:00,0.1303169
2017-06-26 04:25:00,0.13011678
2017-06-26 04:30:00,0.13040004
2017-06-26 04:35:00,0.13071671
2017-06-26 04:40:00,0.13075985
2017-06-26 04:45:00,0.13158096
2017-06-26 04:50:00,0.132
2017-06-26 04:55:00,0.13120001
2017-06-26 05:00:00,0.13011715
2017-06-26 05:05:00,0.130118
2017-06-26 05:10:00,0.13112
2017-06-26 05:15:00,0.131
2017-06-26 05:20:00,0.13175999
2017-06-26 05:25:00,0.13195991
2017-06-26 05:30:00,0.13180001
2017-06-26 05:35:00,0.13151001
2017-06-26 05:40:00,0.13046003
2017-06-26 05:45:00,0.131
2017-06-26 05:50:00,0.13008
2017-06-26 05:55:00,0.13000001
2017-06-26 06:00:00,0.12724858
2017-06-26 06:05:00,0.12808465
2017-06-26 06:10:00,0.12827584
2017-06-26 06:15:00,0.12703606
2017-06-26 06:20:00,0.12638272
2017-06-26 06:25:00,0.12540001
2017-06-26 06:30:00,0.12599999
2017-06-26 06:35:00,0.12511002
2017-06-26 06:40:00,0.12500001
2017-06-26 06:45:00,0.1250001
2017-06-26 06:50:00,0.125
2017-06-26 06:55:00,0.125
2017-06-26 07:00:00,0.1247525
2017-06-26 07:05:00,0.12460491
2017-06-26 07:10:00,0.1258595
2017-06-26 07:15:00,0.1254563
2017-06-26 07:20:00,0.12474179
2017-06-26 07:25:00,0.12555
2017-06-26 07:30:00,0.125
2017-06-26 07:35:00,0.1239
2017-06-26 07:40:00,0.12504306
2017-06-26 07:45:00,0.12354305
2017-06-26 07:50:00,0.12179677
2017-06-26 07:55:00,0.12132955
2017-06-26 08:00:00,0.12115002
2017-06-26 08:05:00,0.120573
2017-06-26 08:10:00,0.12
2017-06-26 08:15:00,0.11700009
2017-06-26 08:20:00,0.11960271
2017-06-26 08:25:00,0.1207503
2017-06-26 08:30:00,0.11900008
2017-06-26 08:35:00,0.12217414
2017-06-26 08:40:00,0.1223327
2017-06-26 08:45:00,0.12233269
2017-06-26 08:50:00,0.123691
2017-06-26 08:55:00,0.12359999
2017-06-26 09:00:00,0.12450837
2017-06-26 09:05:00,0.12499998
2017-06-26 09:10:00,0.125
2017-06-26 09:15:00,0.12510001
2017-06-26 09:20:00,0.12584698
2017-06-26 09:25:00,0.12600001
2017-06-26 09:30:00,0.1260001
2017-06-26 09:35:00,0.12600092
2017-06-26 09:40:00,0.12681652
2017-06-26 09:45:00,0.12769999
2017-06-26 09:50:00,0.12749997
2017-06-26 09:55:00,0.127
2017-06-26 10:00:00,0.127489
2017-06-26 10:05:00,0.12700004
2017-06-26 10:10:00,0.12681661
2017-06-26 10:15:00,0.126
2017-06-26 10:20:00,0.125455
2017-06-26 10:25:00,0.12474004
2017-06-26 10:30:00,0.12561546
2017-06-26 10:35:00,0.1253
2017-06-26 10:40:00,0.12557596
2017-06-26 10:45:00,0.12576453
2017-06-26 10:50:00,0.1258052
2017-06-26 10:55:00,0.12681661
2017-06-26 11:00:00,0.12560833
2017-06-26 11:05:00,0.12648367
2017-06-26 11:10:00,0.12648369
2017-06-26 11:15:00,0.12653901
2017-06-26 11:20:00,0.1253663
2017-06-26 11:25:00,0.12559268
2017-06-26 11:30:00,0.12602155
2017-06-26 11:35:00,0.126
2017-06-26 11:40:00,0.12640895
2017-06-26 11:45:00,0.1276262
2017-06-26 11:50:00,0.12736985
2017-06-26 11:55:00,0.12842056
2017-06-26 12:00:00,0.12801003
2017-06-26 12:05:00,0.12801004
2017-06-26 12:10:00,0.12762743
2017-06-26 12:15:00,0.12762732
2017-06-26 12:20:00,0.12789999
2017-06-26 12:25:00,0.12757659
2017-06-26 12:30:00,0.12744345
2017-06-26 12:35:00,0.12631789
2017-06-26 12:40:00,0.12657001
2017-06-26 12:45:00,0.12542802
2017-06-26 12:50:00,0.12662016
2017-06-26 12:55:00,0.12685999
2017-06-26 13:00:00,0.12688078
2017-06-26 13:05:00,0.12778997
2017-06-26 13:10:00,0.12840646
2017-06-26 13:15:00,0.12785076
2017-06-26 13:20:00,0.12842694
2017-06-26 13:25:00,0.12876071
2017-06-26 13:30:00,0.12842692
2017-06-26 13:35:00,0.12785077
2017-06-26 13:40:00,0.1278507
2017-06-26 13:45:00,0.12750012
2017-06-26 13:50:00,0.12686002
2017-06-26 13:55:00,0.12645006
2017-06-26 14:00:00,0.12679994
2017-06-26 14:05:00,0.12644002
2017-06-26 14:10:00,0.12603
2017-06-26 14:15:00,0.12699999
2017-06-26 14:20:00,0.12624
2017-06-26 14:25:00,0.12600298
2017-06-26 14:30:00,0.12677902
2017-06-26 14:35:00,0.12557003
2017-06-26 14:40:00,0.12505001
2017-06-26 14:45:00,0.12485
2017-06-26 14:50:00,0.12449999
2017-06-26 14:55:00,0.12450002
2017-06-26 15:00:00,0.12401005
2017-06-26 15:05:00,0.12451003
2017-06-26 15:10:00,0.12451005
2017-06-26 15:15:00,0.12489699
2017-06-26 15:20:00,0.12478005
2017-06-26 15:25:00,0.12451001
2017-06-26 15:30:00,0.12361072
2017-06-26 15:35:00,0.12350007
2017-06-26 15:40:00,0.12300001
2017-06-26 15:45:00,0.12243676
2017-06-26 15:50:00,0.1221
2017-06-26 15:55:00,0.12180009
2017-06-26 16:00:00,0.12181025
2017-06-26 16:05:00,0.122
2017-06-26 16:10:00,0.12206002
2017-06-26 16:15:00,0.12156221
2017-06-26 16:20:00,0.12154855
2017-06-26 16:25:00,0.12154853
2017-06-26 16:30:00,0.12122
2017-06-26 16:35:00,0.12011852
2017-06-26 16:40:00,0.11985155
2017-06-26 16:45:00,0.12025999
2017-06-26 16:50:00,0.11951632
2017-06-26 16:55:00,0.11868997
2017-06-26 17:00:00,0.11750011
2017-06-26 17:05:00,0.11760001
2017-06-26 17:10:00,0.1175
2017-06-26 17:15:00,0.11819998
2017-06-26 17:20:00,0.11825054
2017-06-26 17:25:00,0.1185001
2017-06-26 17:30:00,0.117941
2017-06-26 17:35:00,0.11655
2017-06-26 17:40:00,0.117
2017-06-26 17:45:00,0.11788684
2017-06-26 17:50:00,0.1165
2017-06-26 17:55:00,0.11614
2017-06-26 18:00:00,0.11636885
2017-06-26 18:05:00,0.1165
2017-06-26 18:10:00,0.1168
2017-06-26 18:15:00,0.11750015
2017-06-26 18:20:00,0.1183931
2017-06-26 18:25:00,0.117602
2017-06-26 18:30:00,0.1172
2017-06-26 18:35:00,0.11750001
2017-06-26 18:40:00,0.11719988
2017-06-26 18:45:00,0.11688243
2017-06-26 18:50:00,0.11799999
2017-06-26 18:55:00,0.1172001
2017-06-26 19:00:00,0.11648558
2017-06-26 19:05:00,0.11640002
2017-06-26 19:10:00,0.11617771
2017-06-26 19:15:00,0.11602943
2017-06-26 19:20:00,0.11629998
2017-06-26 19:25:00,0.11600001
2017-06-26 19:30:00,0.11600012
2017-06-26 19:35:00,0.117
2017-06-26 19:40:00,0.11700008
2017-06-26 19:45:00,0.117
2017-06-26 19:50:00,0.11700002
2017-06-26 19:55:00,0.1182
2017-06-26 20:00:00,0.1185
2017-06-26 20:05:00,0.118885
2017-06-26 20:10:00,0.11965197
2017-06-26 20:15:00,0.11922952
2017-06-26 20:20:00,0.1186
2017-06-26 20:25:00,0.1186
2017-06-26 20:30:00,0.11888995
2017-06-26 20:35:00,0.11906533
2017-06-26 20:40:00,0.11991162
2017-06-26 20:45:00,0.12063745
2017-06-26 20:50:00,0.12159887
2017-06-26 20:55:00,0.12206999
2017-06-26 21:00:00,0.12235999
2017-06-26 21:05:00,0.12235996
2017-06-26 21:10:00,0.12159888
2017-06-26 21:15:00,0.12199999
2017-06-26 21:20:00,0.1216
2017-06-26 21:25:00,0.12153145
2017-06-26 21:30:00,0.12109999
2017-06-26 21:35:00,0.12170682
2017-06-26 21:40:00,0.12097537
2017-06-26 21:45:00,0.12090538
2017-06-26 21:50:00,0.12136801
2017-06-26 21:55:00,0.12090539
2017-06-26 22:00:00,0.12139999
2017-06-26 22:05:00,0.1211
2017-06-26 22:10:00,0.12199987
2017-06-26 22:15:00,0.12071001
2017-06-26 22:20:00,0.12009002
2017-06-26 22:25:00,0.1195
2017-06-26 22:30:00,0.11979989
2017-06-26 22:35:00,0.11980001
2017-06-26 22:40:00,0.11951002
2017-06-26 22:45:00,0.12001999
2017-06-26 22:50:00,0.11943
2017-06-26 22:55:00,0.11967929
2017-06-26 23:00:00,0.1196393
2017-06-26 23:05:00,0.11965
2017-06-26 23:10:00,0.11979884
2017-06-26 23:15:00,0.12069
2017-06-26 23:20:00,0.12120005
2017-06-26 23:25:00,0.1216
2017-06-26 23:30:00,0.1217
2017-06-26 23:35:00,0.12120011
2017-06-26 23:40:00,0.12130004
2017-06-26 23:45:00,0.1217
2017-06-26 23:50:00,0.12096032
2017-06-26 23:55:00,0.122
2017-06-27 00:00:00,0.12210178
2017-06-27 00:05:00,0.122068
2017-06-27 00:10:00,0.12120211
2017-06-27 00:15:00,0.12059777
2017-06-27 00:20:00,0.12000008
2017-06-27 00:25:00,0.12001007
2017-06-27 00:30:00,0.11968097
2017-06-27 00:35:00,0.12099999
2017-06-27 00:40:00,0.11967649
2017-06-27 00:45:00,0.11967648
2017-06-27 00:50:00,0.12000096
2017-06-27 00:55:00,0.12043001
2017-06-27 01:00:00,0.12000032
2017-06-27 01:05:00,0.11963902
2017-06-27 01:10:00,0.11979969
2017-06-27 01:15:00,0.11950102
2017-06-27 01:20:00,0.1161
2017-06-27 01:25:00,0.11799996
2017-06-27 01:30:00,0.11787999
2017-06-27 01:35:00,0.118
2017-06-27 01:40:00,0.11770769
2017-06-27 01:45:00,0.11770776
2017-06-27 01:50:00,0.118
2017-06-27 01:55:00,0.11800001
2017-06-27 02:00:00,0.11653321
2017-06-27 02:05:00,0.11588406
2017-06-27 02:10:00,0.11650001
2017-06-27 02:15:00,0.11550001
2017-06-27 02:20:00,0.1131
2017-06-27 02:25:00,0.1121899
2017-06-27 02:30:00,0.11151015
2017-06-27 02:35:00,0.11208999
2017-06-27 02:40:00,0.11122582
2017-06-27 02:45:00,0.11202
2017-06-27 02:50:00,0.11236999
2017-06-27 02:55:00,0.11331243
2017-06-27 03:00:00,0.11464
2017-06-27 03:05:00,0.11373103
2017-06-27 03:10:00,0.113741
2017-06-27 03:15:00,0.113041
2017-06-27 03:20:00,0.11369995
2017-06-27 03:25:00,0.11416665
2017-06-27 03:30:00,0.11305102
2017-06-27 03:35:00,0.1149
2017-06-27 03:40:00,0.11455008
2017-06-27 03:45:00,0.114558
2017-06-27 03:50:00,0.115
2017-06-27 03:55:00,0.11414
2017-06-27 04:00:00,0.11522001
2017-06-27 04:05:00,0.11423419
2017-06-27 04:10:00,0.11561
2017-06-27 04:15:00,0.11595833
2017-06-27 04:20:00,0.11427006
2017-06-27 04:25:00,0.11432
2017-06-27 04:30:00,0.11384
2017-06-27 04:35:00,0.11377098
2017-06-27 04:40:00,0.11301133
2017-06-27 04:45:00,0.11403992
2017-06-27 04:50:00,0.11212316
2017-06-27 04:55:00,0.11212312
2017-06-27 05:00:00,0.11137413
2017-06-27 05:05:00,0.11196923
2017-06-27 05:10:00,0.11201999
2017-06-27 05:15:00,0.1115201
2017-06-27 05:20:00,0.11101021
2017-06-27 05:25:00,0.11150999
2017-06-27 05:30:00,0.11050004
2017-06-27 05:35:00,0.11098492
2017-06-27 05:40:00,0.11100009
2017-06-27 05:45:00,0.1124
2017-06-27 05:50:00,0.1133433
2017-06-27 05:55:00,0.11205001
2017-06-27 06:00:00,0.11235006
2017-06-27 06:05:00,0.11214
2017-06-27 06:10:00,0.11182447
2017-06-27 06:15:00,0.1109
2017-06-27 06:20:00,0.11050137
2017-06-27 06:25:00,0.11190999
2017-06-27 06:30:00,0.11000014
2017-06-27 06:35:00,0.11064004
2017-06-27 06:40:00,0.110011
2017-06-27 06:45:00,0.1113733
2017-06-27 06:50:00,0.1137031
2017-06-27 06:55:00,0.11392101
2017-06-27 07:00:00,0.11350001
2017-06-27 07:05:00,0.11409259
2017-06-27 07:10:00,0.1138
2017-06-27 07:15:00,0.115877
2017-06-27 07:20:00,0.11411007
2017-06-27 07:25:00,0.11364204
2017-06-27 07:30:00,0.11529998
2017-06-27 07:35:00,0.11507991
2017-06-27 07:40:00,0.1144
2017-06-27 07:45:00,0.11536003
2017-06-27 07:50:00,0.11784
2017-06-27 07:55:00,0.11720949
2017-06-27 08:00:00,0.11700002
2017-06-27 08:05:00,0.11754999
2017-06-27 08:10:00,0.11730879
2017-06-27 08:15:00,0.11784003
2017-06-27 08:20:00,0.11881001
2017-06-27 08:25:00,0.11784
2017-06-27 08:30:00,0.1175703
2017-06-27 08:35:00,0.11719012
2017-06-27 08:40:00,0.11716018
2017-06-27 08:45:00,0.11716022
2017-06-27 08:50:00,0.11700012
2017-06-27 08:55:00,0.11710013
2017-06-27 09:00:00,0.1178
2017-06-27 09:05:00,0.11839008
2017-06-27 09:10:00,0.12
2017-06-27 09:15:00,0.12040997
2017-06-27 09:20:00,0.11975
2017-06-27 09:25:00,0.12159848
2017-06-27 09:30:00,0.12319915
2017-06-27 09:35:00,0.122
2017-06-27 09:40:00,0.1225
2017-06-27 09:45:00,0.12161002
2017-06-27 09:50:00,0.12367873
2017-06-27 09:55:00,0.1238043
2017-06-27 10:00:00,0.12489698
2017-06-27 10:05:00,0.12461
2017-06-27 10:10:00,0.12373921
2017-06-27 10:15:00,0.12198455
2017-06-27 10:20:00,0.121983
2017-06-27 10:25:00,0.12165686
2017-06-27 10:30:00,0.12122804
2017-06-27 10:35:00,0.12224997
2017-06-27 10:40:00,0.12224997
2017-06-27 10:45:00,0.12261564
2017-06-27 10:50:00,0.12200003
2017-06-27 10:55:00,0.12225
2017-06-27 11:00:00,0.12210001
2017-06-27 11:05:00,0.12194125
2017-06-27 11:10:00,0.12200005
2017-06-27 11:15:00,0.12220009
2017-06-27 11:20:00,0.12259955
2017-06-27 11:25:00,0.12220064
2017-06-27 11:30:00,0.12280737
2017-06-27 11:35:00,0.12224928
2017-06-27 11:40:00,0.12227456
2017-06-27 11:45:00,0.12350001
2017-06-27 11:50:00,0.12263217
2017-06-27 11:55:00,0.12294337
2017-06-27 12:00:00,0.12285
2017-06-27 12:05:00,0.12313053
2017-06-27 12:10:00,0.12313056
2017-06-27 12:15:00,0.12313055
2017-06-27 12:20:00,0.12313054
2017-06-27 12:25:00,0.12385968
2017-06-27 12:30:00,0.1252257
2017-06-27 12:35:00,0.12644091
2017-06-27 12:40:00,0.12664547
2017-06-27 12:45:00,0.12686184
2017-06-27 12:50:00,0.12703056
2017-06-27 12:55:00,0.12664555
2017-06-27 13:00:00,0.12664557
2017-06-27 13:05:00,0.1273
2017-06-27 13:10:00,0.12746201
2017-06-27 13:15:00,0.1282
2017-06-27 13:20:00,0.1300602
2017-06-27 13:25:00,0.1297526
2017-06-27 13:30:00,0.13032511
2017-06-27 13:35:00,0.1300002
2017-06-27 13:40:00,0.13105
2017-06-27 13:45:00,0.131001
2017-06-27 13:50:00,0.13150001
2017-06-27 13:55:00,0.133
2017-06-27 14:00:00,0.13428987
2017-06-27 14:05:00,0.13494274
2017-06-27 14:10:00,0.13378864
2017-06-27 14:15:00,0.13203443
2017-06-27 14:20:00,0.13225587
2017-06-27 14:25:00,0.13097003
2017-06-27 14:30:00,0.13182
2017-06-27 14:35:00,0.13201999
2017-06-27 14:40:00,0.13229999
2017-06-27 14:45:00,0.1349
2017-06-27 14:50:00,0.13448001
2017-06-27 14:55:00,0.13450502
2017-06-27 15:00:00,0.13200001
2017-06-27 15:05:00,0.13199
2017-06-27 15:10:00,0.131999
2017-06-27 15:15:00,0.13239
2017-06-27 15:20:00,0.13251018
2017-06-27 15:25:00,0.13329
2017-06-27 15:30:00,0.13329
2017-06-27 15:35:00,0.13226534
2017-06-27 15:40:00,0.131
2017-06-27 15:45:00,0.13099813
2017-06-27 15:50:00,0.13086713
2017-06-27 15:55:00,0.13092999
2017-06-27 16:00:00,0.13055702
2017-06-27 16:05:00,0.13002299
2017-06-27 16:10:00,0.13007011
2017-06-27 16:15:00,0.13000006
2017-06-27 16:20:00,0.13007014
2017-06-27 16:25:00,0.13000007
2017-06-27 16:30:00,0.1295
2017-06-27 16:35:00,0.12868
2017-06-27 16:40:00,0.12751072
2017-06-27 16:45:00,0.12701865
2017-06-27 16:50:00,0.12635
2017-06-27 16:55:00,0.12662689
2017-06-27 17:00:00,0.127427
2017-06-27 17:05:00,0.12743
2017-06-27 17:10:00,0.1280001
2017-06-27 17:15:00,0.1270867
2017-06-27 17:20:00,0.12708884
2017-06-27 17:25:00,0.12690003
2017-06-27 17:30:00,0.1279024
2017-06-27 17:35:00,0.12847883
2017-06-27 17:40:00,0.12790001
2017-06-27 17:45:00,0.12797409
2017-06-27 17:50:00,0.1279
2017-06-27 17:55:00,0.12648002
2017-06-27 18:00:00,0.12591999
2017-06-27 18:05:00,0.12610001
2017-06-27 18:10:00,0.12694
2017-06-27 18:15:00,0.12763266
2017-06-27 18:20:00,0.12751746
2017-06-27 18:25:00,0.12730003
2017-06-27 18:30:00,0.12612634
2017-06-27 18:35:00,0.12693226
2017-06-27 18:40:00,0.12771649
2017-06-27 18:45:00,0.1273334
2017-06-27 18:50:00,0.12653001
2017-06-27 18:55:00,0.1265
2017-06-27 19:00:00,0.12600009
2017-06-27 19:05:00,0.12633
2017-06-27 19:10:00,0.1267
2017-06-27 19:15:00,0.12699
2017-06-27 19:20:00,0.12670001
2017-06-27 19:25:00,0.12607
2017-06-27 19:30:00,0.12600001
2017-06-27 19:35:00,0.126
2017-06-27 19:40:00,0.12600004
2017-06-27 19:45:00,0.1265
2017-06-27 19:50:00,0.12708999
2017-06-27 19:55:00,0.12751001
2017-06-27 20:00:00,0.12760001
2017-06-27 20:05:00,0.12751004
2017-06-27 20:10:00,0.12816899
2017-06-27 20:15:00,0.12851002
2017-06-27 20:20:00,0.12971772
2017-06-27 20:25:00,0.12971802
2017-06-27 20:30:00,0.12936003
2017-06-27 20:35:00,0.13006436
2017-06-27 20:40:00,0.13017599
2017-06-27 20:45:00,0.12970515
2017-06-27 20:50:00,0.12962953
2017-06-27 20:55:00,0.1292418
2017-06-27 21:00:00,0.12875761
2017-06-27 21:05:00,0.12875761
2017-06-27 21:10:00,0.12876004
2017-06-27 21:15:00,0.12918002
2017-06-27 21:20:00,0.12849001
2017-06-27 21:25:00,0.12864001
2017-06-27 21:30:00,0.12835439
2017-06-27 21:35:00,0.12784595
2017-06-27 21:40:00,0.12664314
2017-06-27 21:45:00,0.12590001
2017-06-27 21:50:00,0.12506
2017-06-27 21:55:00,0.12492999
2017-06-27 22:00:00,0.12493
2017-06-27 22:05:00,0.1249
2017-06-27 22:10:00,0.12479519
2017-06-27 22:15:00,0.123365
2017-06-27 22:20:00,0.12334591
2017-06-27 22:25:00,0.123
2017-06-27 22:30:00,0.12384862
2017-06-27 22:35:00,0.12400003
2017-06-27 22:40:00,0.12355439
2017-06-27 22:45:00,0.12436
2017-06-27 22:50:00,0.12535752
2017-06-27 22:55:00,0.12446005
2017-06-27 23:00:00,0.12446005
2017-06-27 23:05:00,0.12341
2017-06-27 23:10:00,0.12263726
2017-06-27 23:15:00,0.12258602
2017-06-27 23:20:00,0.121
2017-06-27 23:25:00,0.11969998
2017-06-27 23:30:00,0.118515
2017-06-27 23:35:00,0.1196
2017-06-27 23:40:00,0.1187299
2017-06-27 23:45:00,0.11745283
2017-06-27 23:50:00,0.11786013
2017-06-27 23:55:00,0.11706157
2017-06-28 00:00:00,0.1178602
2017-06-28 00:05:00,0.11904556
2017-06-28 00:10:00,0.1185
2017-06-28 00:15:00,0.11832002
2017-06-28 00:20:00,0.11900001
2017-06-28 00:25:00,0.11767497
2017-06-28 00:30:00,0.11707019
2017-06-28 00:35:00,0.11845995
2017-06-28 00:40:00,0.1193
2017-06-28 00:45:00,0.11900007
2017-06-28 00:50:00,0.12075275
2017-06-28 00:55:00,0.1190122
2017-06-28 01:00:00,0.11802195
2017-06-28 01:05:00,0.11855385
2017-06-28 01:10:00,0.11851599
2017-06-28 01:15:00,0.11819931
2017-06-28 01:20:00,0.1182
2017-06-28 01:25:00,0.1177
2017-06-28 01:30:00,0.11800005
2017-06-28 01:35:00,0.1176
2017-06-28 01:40:00,0.11891432
2017-06-28 01:45:00,0.11830517
2017-06-28 01:50:00,0.1195
2017-06-28 01:55:00,0.12167998
2017-06-28 02:00:00,0.122
2017-06-28 02:05:00,0.12164002
2017-06-28 02:10:00,0.12290006
2017-06-28 02:15:00,0.12383617
2017-06-28 02:20:00,0.12480001
2017-06-28 02:25:00,0.12520001
2017-06-28 02:30:00,0.12535745
2017-06-28 02:35:00,0.12439432
2017-06-28 02:40:00,0.12425862
2017-06-28 02:45:00,0.12420001
2017-06-28 02:50:00,0.12425847
2017-06-28 02:55:00,0.124
2017-06-28 03:00:00,0.12461977
2017-06-28 03:05:00,0.12363738
2017-06-28 03:10:00,0.123764
2017-06-28 03:15:00,0.12392703
2017-06-28 03:20:00,0.125003
2017-06-28 03:25:00,0.12537574
2017-06-28 03:30:00,0.12538
2017-06-28 03:35:00,0.1258
2017-06-28 03:40:00,0.12494706
2017-06-28 03:45:00,0.1245
2017-06-28 03:50:00,0.12409
2017-06-28 03:55:00,0.12409005
2017-06-28 04:00:00,0.12477001
2017-06-28 04:05:00,0.12477002
2017-06-28 04:10:00,0.1254
2017-06-28 04:15:00,0.12590055
2017-06-28 04:20:00,0.12650002
2017-06-28 04:25:00,0.1268
2017-06-28 04:30:00,0.12776019
2017-06-28 04:35:00,0.1292
2017-06-28 04:40:00,0.13032993
2017-06-28 04:45:00,0.13
2017-06-28 04:50:00,0.12950003
2017-06-28 04:55:00,0.13054964
2017-06-28 05:00:00,0.13100001
2017-06-28 05:05:00,0.1316998
2017-06-28 05:10:00,0.13363118
2017-06-28 05:15:00,0.133
2017-06-28 05:20:00,0.13301477
2017-06-28 05:25:00,0.13460278
2017-06-28 05:30:00,0.1345544
2017-06-28 05:35:00,0.13389001
2017-06-28 05:40:00,0.13376107
2017-06-28 05:45:00,0.13200403
2017-06-28 05:50:00,0.12954017
2017-06-28 05:55:00,0.12914917
2017-06-28 06:00:00,0.1295652
2017-06-28 06:05:00,0.13050001
2017-06-28 06:10:00,0.13170004
2017-06-28 06:15:00,0.13200006
2017-06-28 06:20:00,0.132
2017-06-28 06:25:00,0.13007308
2017-06-28 06:30:00,0.13011861
2017-06-28 06:35:00,0.1301186
2017-06-28 06:40:00,0.13011115
2017-06-28 06:45:00,0.13050234
2017-06-28 06:50:00,0.12961118
2017-06-28 06:55:00,0.13000002
2017-06-28 07:00:00,0.1292
2017-06-28 07:05:00,0.12856834
2017-06-28 07:10:00,0.12799994
2017-06-28 07:15:00,0.12856834
2017-06-28 07:20:00,0.12890433
2017-06-28 07:25:00,0.12954982
2017-06-28 07:30:00,0.12945081
2017-06-28 07:35:00,0.12996999
2017-06-28 07:40:00,0.12890241
2017-06-28 07:45:00,0.12986896
2017-06-28 07:50:00,0.13033478
2017-06-28 07:55:00,0.13034007
2017-06-28 08:00:00,0.13000001
2017-06-28 08:05:00,0.12922011
2017-06-28 08:10:00,0.12912361
2017-06-28 08:15:00,0.12870003
2017-06-28 08:20:00,0.1285
2017-06-28 08:25:00,0.12880006
2017-06-28 08:30:00,0.12751281
2017-06-28 08:35:00,0.127
2017-06-28 08:40:00,0.12702546
2017-06-28 08:45:00,0.12764277
2017-06-28 08:50:00,0.12829568
2017-06-28 08:55:00,0.12879994
2017-06-28 09:00:00,0.12877778
2017-06-28 09:05:00,0.12944369
2017-06-28 09:10:00,0.12920937
2017-06-28 09:15:00,0.12900002
2017-06-28 09:20:00,0.12927389
2017-06-28 09:25:00,0.12940008
2017-06-28 09:30:00,0.12960921
2017-06-28 09:35:00,0.1292
2017-06-28 09:40:00,0.12998217
2017-06-28 09:45:00,0.13159039
2017-06-28 09:50:00,0.1306891
2017-06-28 09:55:00,0.12950013
2017-06-28 10:00:00,0.12848338
2017-06-28 10:05:00,0.12790002
2017-06-28 10:10:00,0.12790012
2017-06-28 10:15:00,0.12847554
2017-06-28 10:20:00,0.129
2017-06-28 10:25:00,0.13
2017-06-28 10:30:00,0.12935184
2017-06-28 10:35:00,0.12945002
2017-06-28 10:40:00,0.13000967
2017-06-28 10:45:00,0.12960383
2017-06-28 10:50:00,0.13006
2017-06-28 10:55:00,0.13148994
2017-06-28 11:00:00,0.13148994
2017-06-28 11:05:00,0.13022387
2017-06-28 11:10:00,0.13078637
2017-06-28 11:15:00,0.13030005
2017-06-28 11:20:00,0.13078219
2017-06-28 11:25:00,0.13030005
2017-06-28 11:30:00,0.13078216
2017-06-28 11:35:00,0.1303
2017-06-28 11:40:00,0.13000005
2017-06-28 11:45:00,0.12975512
2017-06-28 11:50:00,0.13
2017-06-28 11:55:00,0.13030069
2017-06-28 12:00:00,0.12869308
2017-06-28 12:05:00,0.12801002
2017-06-28 12:10:00,0.1280105
2017-06-28 12:15:00,0.12840001
2017-06-28 12:20:00,0.12758418
2017-06-28 12:25:00,0.12787912
2017-06-28 12:30:00,0.12731324
2017-06-28 12:35:00,0.12758741
2017-06-28 12:40:00,0.12702973
2017-06-28 12:45:00,0.127304
2017-06-28 12:50:00,0.12701481
2017-06-28 12:55:00,0.128
2017-06-28 13:00:00,0.12766278
2017-06-28 13:05:00,0.1285
2017-06-28 13:10:00,0.12876
2017-06-28 13:15:00,0.12835726
2017-06-28 13:20:00,0.12893955
2017-06-28 13:25:00,0.12970406
2017-06-28 13:30:00,0.12897429
2017-06-28 13:35:00,0.12900001
2017-06-28 13:40:00,0.12900021
2017-06-28 13:45:00,0.129
2017-06-28 13:50:00,0.1286801
2017-06-28 13:55:00,0.12828026
2017-06-28 14:00:00,0.12848007
2017-06-28 14:05:00,0.12836009
2017-06-28 14:10:00,0.12837009
2017-06-28 14:15:00,0.12894852
2017-06-28 14:20:00,0.12837032
2017-06-28 14:25:00,0.12872
2017-06-28 14:30:00,0.1286
2017-06-28 14:35:00,0.129
2017-06-28 14:40:00,0.12874833
2017-06-28 14:45:00,0.1291
2017-06-28 14:50:00,0.12831519
2017-06-28 14:55:00,0.12824006
2017-06-28 15:00:00,0.12828001
2017-06-28 15:05:00,0.12825712
2017-06-28 15:10:00,0.12870001
2017-06-28 15:15:00,0.12859
2017-06-28 15:20:00,0.1295814
2017-06-28 15:25:00,0.12922349
2017-06-28 15:30:00,0.12961118
2017-06-28 15:35:00,0.12857638
2017-06-28 15:40:00,0.1285
2017-06-28 15:45:00,0.12872001
2017-06-28 15:50:00,0.12856001
2017-06-28 15:55:00,0.12868001
2017-06-28 16:00:00,0.1289
2017-06-28 16:05:00,0.12889995
2017-06-28 16:10:00,0.12877009
2017-06-28 16:15:00,0.12877009
2017-06-28 16:20:00,0.12936998
2017-06-28 16:25:00,0.12828076
2017-06-28 16:30:00,0.12863207
2017-06-28 16:35:00,0.12883
2017-06-28 16:40:00,0.1284447
2017-06-28 16:45:00,0.12888921
2017-06-28 16:50:00,0.12947009
2017-06-28 16:55:00,0.12958137
2017-06-28 17:00:00,0.12895552
2017-06-28 17:05:00,0.12951456
2017-06-28 17:10:00,0.129321
2017-06-28 17:15:00,0.12984205
2017-06-28 17:20:00,0.12975666
2017-06-28 17:25:00,0.13009405
2017-06-28 17:30:00,0.1301799
2017-06-28 17:35:00,0.129705
2017-06-28 17:40:00,0.13028949
2017-06-28 17:45:00,0.12970506
2017-06-28 17:50:00,0.12970508
2017-06-28 17:55:00,0.12915006
2017-06-28 18:00:00,0.12914124
2017-06-28 18:05:00,0.12900003
2017-06-28 18:10:00,0.1292
2017-06-28 18:15:00,0.1292
2017-06-28 18:20:00,0.12970503
2017-06-28 18:25:00,0.13028957
2017-06-28 18:30:00,0.12997999
2017-06-28 18:35:00,0.13078217
2017-06-28 18:40:00,0.13016
2017-06-28 18:45:00,0.13025908
2017-06-28 18:50:00,0.13083305
2017-06-28 18:55:00,0.13028894
2017-06-28 19:00:00,0.13029197
2017-06-28 19:05:00,0.13031823
2017-06-28 19:10:00,0.13035441
2017-06-28 19:15:00,0.13099959
2017-06-28 19:20:00,0.13047811
2017-06-28 19:25:00,0.13099901
2017-06-28 19:30:00,0.13098803
2017-06-28 19:35:00,0.13098803
2017-06-28 19:40:00,0.13162999
2017-06-28 19:45:00,0.13060819
2017-06-28 19:50:00,0.13060819
2017-06-28 19:55:00,0.13048438
2017-06-28 20:00:00,0.13048436
2017-06-28 20:05:00,0.13013003
2017-06-28 20:10:00,0.13019999
2017-06-28 20:15:00,0.13045109
2017-06-28 20:20:00,0.13087126
2017-06-28 20:25:00,0.13111598
2017-06-28 20:30:00,0.13111603
2017-06-28 20:35:00,0.13072282
2017-06-28 20:40:00,0.13059093
2017-06-28 20:45:00,0.13067002
2017-06-28 20:50:00,0.1305
2017-06-28 20:55:00,0.13054003
2017-06-28 21:00:00,0.13099997
2017-06-28 21:05:00,0.12960004
2017-06-28 21:10:00,0.12941719
2017-06-28 21:15:00,0.1284
2017-06-28 21:20:00,0.12850499
2017-06-28 21:25:00,0.12854997
2017-06-28 21:30:00,0.12904916
2017-06-28 21:35:00,0.12927303
2017-06-28 21:40:00,0.13010301
2017-06-28 21:45:00,0.13025
2017-06-28 21:50:00,0.13025051
2017-06-28 21:55:00,0.13068937
2017-06-28 22:00:00,0.13018872
2017-06-28 22:05:00,0.13018876
2017-06-28 22:10:00,0.13064002
2017-06-28 22:15:00,0.13068799
2017-06-28 22:20:00,0.13070001
2017-06-28 22:25:00,0.13070002
2017-06-28 22:30:00,0.13068801
2017-06-28 22:35:00,0.13117945
2017-06-28 22:40:00,0.13117947
2017-06-28 22:45:00,0.13117899
2017-06-28 22:50:00,0.13071553
2017-06-28 22:55:00,0.1316
2017-06-28 23:00:00,0.1315
2017-06-28 23:05:00,0.13117005
2017-06-28 23:10:00,0.13192329
2017-06-28 23:15:00,0.1314
2017-06-28 23:20:00,0.132166
2017-06-28 23:25:00,0.13190185
2017-06-28 23:30:00,0.132
2017-06-28 23:35:00,0.1326
2017-06-28 23:40:00,0.13210607
2017-06-28 23:45:00,0.13301
2017-06-28 23:50:00,0.13188955
2017-06-28 23:55:00,0.13188804
2017-06-29 00:00:00,0.13188804
2017-06-29 00:05:00,0.13200011
2017-06-29 00:10:00,0.1325
2017-06-29 00:15:00,0.13299739
2017-06-29 00:20:00,0.13321002
2017-06-29 00:25:00,0.13300003
2017-06-29 00:30:00,0.13300005
2017-06-29 00:35:00,0.1326
2017-06-29 00:40:00,0.13198
2017-06-29 00:45:00,0.1319458
2017-06-29 00:50:00,0.13117008
2017-06-29 00:55:00,0.1311702
2017-06-29 01:00:00,0.13149219
2017-06-29 01:05:00,0.13198
2017-06-29 01:10:00,0.13117201
2017-06-29 01:15:00,0.13117001
2017-06-29 01:20:00,0.13117198
2017-06-29 01:25:00,0.13146006
2017-06-29 01:30:00,0.13146004
2017-06-29 01:35:00,0.13126007
2017-06-29 01:40:00,0.13126007
2017-06-29 01:45:00,0.13117
2017-06-29 01:50:00,0.13071101
2017-06-29 01:55:00,0.1309
2017-06-29 02:00:00,0.13035
2017-06-29 02:05:00,0.1299586
2017-06-29 02:10:00,0.12964503
2017-06-29 02:15:00,0.12995086
2017-06-29 02:20:00,0.1304949
2017-06-29 02:25:00,0.12995864
2017-06-29 02:30:00,0.13009741
2017-06-29 02:35:00,0.13008003
2017-06-29 02:40:00,0.12944929
2017-06-29 02:45:00,0.12940313
2017-06-29 02:50:00,0.12999995
2017-06-29 02:55:00,0.1294032
2017-06-29 03:00:00,0.12915908
2017-06-29 03:05:00,0.12915101
2017-06-29 03:10:00,0.12973207
2017-06-29 03:15:00,0.12969913
2017-06-29 03:20:00,0.12995005
2017-06-29 03:25:00,0.12997308
2017-06-29 03:30:00,0.12994985
2017-06-29 03:35:00,0.12999999
2017-06-29 03:40:00,0.12968903
2017-06-29 03:45:00,0.129808
2017-06-29 03:50:00,0.12970001
2017-06-29 03:55:00,0.12974913
2017-06-29 04:00:00,0.13
2017-06-29 04:05:00,0.130001
2017-06-29 04:10:00,0.12975
2017-06-29 04:15:00,0.1298283
2017-06-29 04:20:00,0.13000001
2017-06-29 04:25:00,0.12980003
2017-06-29 04:30:00,0.13012832
2017-06-29 04:35:00,0.1301
2017-06-29 04:40:00,0.12942831
2017-06-29 04:45:00,0.13
2017-06-29 04:50:00,0.12999899
2017-06-29 04:55:00,0.12990002
2017-06-29 05:00:00,0.12990002
2017-06-29 05:05:00,0.12978002
2017-06-29 05:10:00,0.13019988
2017-06-29 05:15:00,0.13019988
2017-06-29 05:20:00,0.13019
2017-06-29 05:25:00,0.12971108
2017-06-29 05:30:00,0.1301999
2017-06-29 05:35:00,0.13020994
2017-06-29 05:40:00,0.13060992
2017-06-29 05:45:00,0.1306501
2017-06-29 05:50:00,0.1313
2017-06-29 05:55:00,0.131799
2017-06-29 06:00:00,0.131799
2017-06-29 06:05:00,0.13150481
2017-06-29 06:10:00,0.13137808
2017-06-29 06:15:00,0.13142999
2017-06-29 06:20:00,0.1323
2017-06-29 06:25:00,0.1319
2017-06-29 06:30:00,0.13150548
2017-06-29 06:35:00,0.13150374
2017-06-29 06:40:00,0.1315055
2017-06-29 06:45:00,0.132
2017-06-29 06:50:00,0.13209818
2017-06-29 06:55:00,0.13243264
2017-06-29 07:00:00,0.13258
2017-06-29 07:05:00,0.13279996
2017-06-29 07:10:00,0.13200004
2017-06-29 07:15:00,0.13180203
2017-06-29 07:20:00,0.13160374
2017-06-29 07:25:00,0.13279336
2017-06-29 07:30:00,0.13279348
2017-06-29 07:35:00,0.13259418
2017-06-29 07:40:00,0.13259454
2017-06-29 07:45:00,0.13298667
2017-06-29 07:50:00,0.13321999
2017-06-29 07:55:00,0.13294333
2017-06-29 08:00:00,0.13393963
2017-06-29 08:05:00,0.13352375
2017-06-29 08:10:00,0.1331499
2017-06-29 08:15:00,0.13286762
2017-06-29 08:20:00,0.13267118
2017-06-29 08:25:00,0.13224004
2017-06-29 08:30:00,0.13286721
2017-06-29 08:35:00,0.13224028
2017-06-29 08:40:00,0.13227
2017-06-29 08:45:00,0.1325
2017-06-29 08:50:00,0.13218454
2017-06-29 08:55:00,0.13162287
2017-06-29 09:00:00,0.13173598
2017-06-29 09:05:00,0.13173598
2017-06-29 09:10:00,0.13280002
2017-06-29 09:15:00,0.13260001
2017-06-29 09:20:00,0.13267945
2017-06-29 09:25:00,0.13188008
2017-06-29 09:30:00,0.13188011
2017-06-29 09:35:00,0.13258996
2017-06-29 09:40:00,0.13235131
2017-06-29 09:45:00,0.13210002
2017-06-29 09:50:00,0.13205
2017-06-29 09:55:00,0.13205001
2017-06-29 10:00:00,0.13209819
2017-06-29 10:05:00,0.13184846
2017-06-29 10:10:00,0.13179779
2017-06-29 10:15:00,0.13210002
2017-06-29 10:20:00,0.1321472
